일시,평균기온,최고기온 평균,최저기온 평균,강수량,지역
 2010-01,-4.5,-0.7,-8.1,29.3,서울특별시
 2010-02,1.4,4.9,-1.7,55.3,서울특별시
 2010-03,4.3,8.1,0.5,82.5,서울특별시
 2010-04,9.5,14,5.6,62.8,서울특별시
 2010-05,17.2,22,13,124,서울특별시
 2010-06,23.4,28.2,19.3,127.6,서울특별시
 2010-07,25.8,29.3,23.1,239.2,서울특별시
 2010-08,26.5,30,23.8,598.7,서울특별시
 2010-09,21.8,26,18.5,671.5,서울특별시
 2010-10,14.5,19.3,10.4,25.6,서울특별시
 2010-11,6.5,11.3,2.5,10.9,서울특별시
 2010-12,-1.3,3.1,-5.1,16.1,서울특별시
 2011-01,-7.2,-3.4,-10.5,8.9,서울특별시
 2011-02,1.2,5.9,-2.5,29.1,서울특별시
 2011-03,3.6,8.3,-0.1,14.6,서울특별시
 2011-04,10.7,15.6,6.8,110.1,서울특별시
 2011-05,17.9,23,13.6,53.4,서울특별시
 2011-06,22,26.6,18.4,404.5,서울특별시
 2011-07,24.6,28,22,1131,서울특별시
 2011-08,25.8,29.5,23,166.8,서울특별시
 2011-09,21.8,26.6,17.7,25.6,서울특별시
 2011-10,14.2,19.3,9.7,32,서울특별시
 2011-11,10.7,14.7,7.2,56.2,서울특별시
 2011-12,-0.9,2.9,-4.1,7.1,서울특별시
 2012-01,-2.8,1.3,-6.3,6.7,서울특별시
 2012-02,-2,3,-6,0.8,서울특별시
 2012-03,5.1,9.5,1.5,47.4,서울특별시
 2012-04,12.3,17.9,7.8,157,서울특별시
 2012-05,19.7,25.1,15.4,8.2,서울특별시
 2012-06,24.1,29.7,20,91.9,서울특별시
 2012-07,25.4,29,22.4,448.9,서울특별시
 2012-08,27.1,30.9,23.9,464.9,서울특별시
 2012-09,21,25,17.4,212,서울특별시
 2012-10,15.3,20.5,11,99.3,서울특별시
 2012-11,5.5,9.5,1.8,67.8,서울특별시
 2012-12,-4.1,-0.5,-7.4,41.4,서울특별시
 2013-01,-3.4,0.3,-6.6,22.1,서울특별시
 2013-02,-1.2,2.8,-4.9,74.1,서울특별시
 2013-03,5.1,10.8,0.7,27.3,서울특별시
 2013-04,10,15,5.7,71.7,서울특별시
 2013-05,18.2,23.6,13.7,132,서울특별시
 2013-06,24.4,29.2,20.5,28.3,서울특별시
 2013-07,25.5,28.3,23.4,676.2,서울특별시
 2013-08,27.7,31.1,24.8,148.6,서울특별시
 2013-09,21.8,25.9,18,138.5,서울특별시
 2013-10,15.8,21.2,10.9,13.5,서울특별시
 2013-11,6.2,10.7,2.1,46.8,서울특별시
 2013-12,-0.2,3.5,-3.5,24.7,서울특별시
 2014-01,-0.7,3.5,-4.9,13,서울특별시
 2014-02,1.9,6.6,-1.8,16.2,서울특별시
 2014-03,7.9,13.1,3.5,7.2,서울특별시
 2014-04,14,19.6,9.4,31,서울특별시
 2014-05,18.9,25.3,13.8,63,서울특별시
 2014-06,23.1,27.8,19.7,98.1,서울특별시
 2014-07,26.1,30.6,22.9,207.9,서울특별시
 2014-08,25.2,29,22.1,172.8,서울특별시
 2014-09,22.1,27,18,88.1,서울특별시
 2014-10,15.6,21.4,10.7,52.2,서울특별시
 2014-11,9,13.8,4.9,41.5,서울특별시
 2014-12,-2.9,1.5,-6.7,17.9,서울특별시
 2015-01,-0.9,3.6,-4.8,11.3,서울특별시
 2015-02,1,6,-2.9,22.7,서울특별시
 2015-03,6.3,12.4,1,9.6,서울특별시
 2015-04,13.3,18.8,8.4,80.5,서울특별시
 2015-05,18.9,24.9,13.6,28.9,서울특별시
 2015-06,23.6,29.5,18.9,99,서울특별시
 2015-07,25.8,30,22.6,226,서울특별시
 2015-08,26.3,30.8,22.8,72.9,서울특별시
 2015-09,22.4,28.1,17.5,26,서울특별시
 2015-10,15.5,21.2,10.8,81.5,서울특별시
 2015-11,8.9,12.7,5.9,104.6,서울특별시
 2015-12,1.6,6,-2.1,29.1,서울특별시
 2016-01,-3.2,1.1,-6.8,1,서울특별시
 2016-02,0.2,5.1,-4.1,47.6,서울특별시
 2016-03,7,12.6,2.4,40.5,서울특별시
 2016-04,14.1,20.3,9.1,76.8,서울특별시
 2016-05,19.6,25.7,14.1,160.5,서울특별시
 2016-06,23.6,28.7,19.5,54.4,서울특별시
 2016-07,26.2,29.8,23.3,358.2,서울특별시
 2016-08,28,32.6,24.5,67.1,서울특별시
 2016-09,23.1,27.9,19.3,33,서울특별시
 2016-10,16.1,21.3,11.6,74.8,서울특별시
 2016-11,6.8,11.6,2.8,16.7,서울특별시
 2016-12,1.2,5.8,-2.7,61.1,서울특별시
 2017-01,-1.8,2.9,-5.8,14.9,서울특별시
 2017-02,-0.2,4.8,-4.7,11.1,서울특별시
 2017-03,6.3,12.3,1.7,7.9,서울특별시
 2017-04,13.9,20,9.1,61.6,서울특별시
 2017-05,19.5,25.4,14.4,16.1,서울특별시
 2017-06,23.3,28.8,18.7,66.6,서울특별시
 2017-07,26.9,30.4,24.3,621,서울특별시
 2017-08,25.9,29.7,22.9,297,서울특별시
 2017-09,22.1,27.4,17.5,35,서울특별시
 2017-10,16.4,22.5,11.6,26.5,서울특별시
 2017-11,5.6,10.5,1.3,40.7,서울특별시
 2017-12,-1.9,2.2,-5.7,34.8,서울특별시
 2018-01,-4,0.1,-7.3,8.5,서울특별시
 2018-02,-1.6,3.3,-5.9,29.6,서울특별시
 2018-03,8.1,13.6,3.8,49.5,서울특별시
 2018-04,13,18.5,8.1,130.3,서울특별시
 2018-05,18.2,23.3,13.4,222,서울특별시
 2018-06,23.1,28.4,18.9,171.5,서울특별시
 2018-07,27.8,32.1,24.2,185.6,서울특별시
 2018-08,28.8,33.3,25.2,202.6,서울특별시
 2018-09,21.5,26,17.6,68.5,서울특별시
 2018-10,13.1,18.6,8.5,120.5,서울특별시
 2018-11,7.8,13.2,3.6,79.1,서울특별시
 2018-12,-0.6,4.1,-4.7,16.4,서울특별시
 2019-01,-0.9,4.1,-5.1,0,서울특별시
 2019-02,1,6,-3.2,23.8,서울특별시
 2019-03,7.1,12.4,2.7,26.8,서울특별시
 2019-04,12.1,17.6,7.2,47.3,서울특별시
 2019-05,19.4,25.6,13.7,37.8,서울특별시
 2019-06,22.5,27.7,18.1,74,서울특별시
 2019-07,25.9,30.1,22.7,194.4,서울특별시
 2019-08,27.2,31.6,23.6,190.5,서울특별시
 2019-09,22.6,27.1,19,139.8,서울특별시
 2019-10,16.4,21.8,11.8,55.5,서울특별시
 2019-11,7.6,12.9,3.1,78.8,서울특별시
 2019-12,1.4,5.3,-2.6,22.6,서울특별시
 2020-01,1.6,5.9,-1.7,60.5,서울특별시
 2020-02,2.5,7.2,-1.3,53.1,서울특별시
 2020-03,7.7,13.3,2.6,16.3,서울특별시
 2020-04,11.1,16.6,6.3,16.9,서울특별시
 2020-05,18,23.3,13.7,112.4,서울특별시
 2020-06,23.9,29,19.9,139.6,서울특별시
 2020-07,24.1,28,21.1,270.4,서울특별시
 2020-08,26.5,29.3,24.4,675.7,서울특별시
 2020-09,21.4,25.6,18,181.5,서울특별시
 2020-10,14.3,19.5,9.6,0,서울특별시
 2020-11,8,12.6,4,120.1,서울특별시
 2020-12,-0.3,3.9,-4.2,4.6,서울특별시
 2010-01,0,5,-4.3,15.2,대구광역시
 2010-02,3.9,8.7,-0.1,58.1,대구광역시
 2010-03,6.9,11.1,3.1,59.1,대구광역시
 2010-04,11.5,17,6.5,63.5,대구광역시
 2010-05,19.4,25.3,13.7,97.5,대구광역시
 2010-06,24.8,30.5,19.5,35.9,대구광역시
 2010-07,26.7,31.3,23.5,247.8,대구광역시
 2010-08,28.7,33.6,25,396,대구광역시
 2010-09,23.3,28.6,19.2,160.5,대구광역시
 2010-10,16.4,21.9,11.7,41.8,대구광역시
 2010-11,8.6,14.9,3.2,1.7,대구광역시
 2010-12,2,7.3,-2.5,27.4,대구광역시
 2011-01,-2.5,2.2,-6.6,1,대구광역시
 2011-02,4.2,9.5,-0.5,64.4,대구광역시
 2011-03,7,12.6,1.8,16.5,대구광역시
 2011-04,13.7,19.8,8,104.5,대구광역시
 2011-05,18.8,24.2,13.8,156.8,대구광역시
 2011-06,24.3,29.6,19.6,173,대구광역시
 2011-07,26.8,31.3,23.4,427.7,대구광역시
 2011-08,26.2,30.3,23.1,253.6,대구광역시
 2011-09,23,27.9,18.9,38.5,대구광역시
 2011-10,15.7,21.2,10.8,115,대구광역시
 2011-11,11.9,16.3,8.2,69.8,대구광역시
 2011-12,2.3,6.9,-1.5,9.6,대구광역시
 2012-01,0.8,5.1,-2.8,8.1,대구광역시
 2012-02,1.1,5.9,-3.2,7.1,대구광역시
 2012-03,7.7,12.7,3.5,82.1,대구광역시
 2012-04,15.1,21.3,9.5,74.4,대구광역시
 2012-05,20.1,26.2,15.1,50.6,대구광역시
 2012-06,23.2,28.3,19.2,85.1,대구광역시
 2012-07,27.5,32.1,23.7,202.5,대구광역시
 2012-08,27.9,32.4,24.5,327.1,대구광역시
 2012-09,21.7,26.8,17.6,241.5,대구광역시
 2012-10,15.8,22.2,10.5,28.1,대구광역시
 2012-11,8.2,13.2,3.9,32.5,대구광역시
 2012-12,-0.3,3.9,-3.9,50.8,대구광역시
 2013-01,-0.1,4.8,-4.5,17.7,대구광역시
 2013-02,2.6,7.5,-1.8,27.3,대구광역시
 2013-03,9.8,16.6,3.3,55.1,대구광역시
 2013-04,12.3,18.8,6.6,60.5,대구광역시
 2013-05,20.3,26.8,14.6,70.5,대구광역시
 2013-06,24.3,29.5,20.2,63.1,대구광역시
 2013-07,28.7,33.3,25.1,249.3,대구광역시
 2013-08,29,34.4,25,203,대구광역시
 2013-09,23,28,19,96.7,대구광역시
 2013-10,17.2,22.9,12.5,107.5,대구광역시
 2013-11,8.9,14,4.7,39.8,대구광역시
 2013-12,3.5,8.1,-0.5,5.9,대구광역시
 2014-01,2.8,8.1,-1.7,1.7,대구광역시
 2014-02,4.5,9.3,0.3,7,대구광역시
 2014-03,9.7,15.3,4.6,110.5,대구광역시
 2014-04,15.5,21.5,10.1,105,대구광역시
 2014-05,21.2,27.9,15.1,24.4,대구광역시
 2014-06,23.4,28.4,19.4,28.2,대구광역시
 2014-07,27,31.9,23.1,142.6,대구광역시
 2014-08,24.7,28.8,21.7,402.8,대구광역시
 2014-09,22.5,27.8,18.1,110.5,대구광역시
 2014-10,16.4,22,11.6,88.6,대구광역시
 2014-11,10.3,15.7,5.9,45.3,대구광역시
 2014-12,1.2,5.8,-2.8,5.5,대구광역시
 2015-01,2.3,6.8,-1.7,24.1,대구광역시
 2015-02,3.8,9,-0.6,14.6,대구광역시
 2015-03,9.2,15.5,3.3,50.5,대구광역시
 2015-04,14.6,20.2,9.5,82.7,대구광역시
 2015-05,21.7,28,15.4,34.7,대구광역시
 2015-06,22.9,28.5,18.3,62.1,대구광역시
 2015-07,25,29.5,21.3,157.5,대구광역시
 2015-08,26,31.2,22,269.5,대구광역시
 2015-09,20.6,25.9,16.2,70.3,대구광역시
 2015-10,15.8,22.2,10.4,38.1,대구광역시
 2015-11,11,15,7.6,70.9,대구광역시
 2015-12,4.5,9,0.5,33.5,대구광역시
 2016-01,-0.2,4.3,-4.2,23.8,대구광역시
 2016-02,3.1,8.3,-1.6,15.5,대구광역시
 2016-03,8.8,14.5,3.5,67.5,대구광역시
 2016-04,14.9,21,9.5,151,대구광역시
 2016-05,20,26.7,13.6,65,대구광역시
 2016-06,23.4,28.3,19.1,45.7,대구광역시
 2016-07,26.4,31.5,22.6,307.3,대구광역시
 2016-08,27.6,33.2,23.2,81.2,대구광역시
 2016-09,21.9,25.9,18.7,306.5,대구광역시
 2016-10,16.6,21,13.1,111.5,대구광역시
 2016-11,8.8,14,4.1,11.3,대구광역시
 2016-12,4,8.7,-0.6,41,대구광역시
 2017-01,1.1,6.3,-3.7,2.5,대구광역시
 2017-02,3.2,8.8,-2.2,25.7,대구광역시
 2017-03,7.9,13.9,2.4,38.4,대구광역시
 2017-04,15.7,22,9.6,53,대구광역시
 2017-05,20.8,27.5,14.5,33.1,대구광역시
 2017-06,23.3,30,17.9,71.5,대구광역시
 2017-07,28,32.8,24,105.3,대구광역시
 2017-08,26.4,31.4,22.5,171.3,대구광역시
 2017-09,21.5,27,16.4,97.5,대구광역시
 2017-10,16.2,21.2,12,54.3,대구광역시
 2017-11,7.8,14.2,2.3,0.1,대구광역시
 2017-12,0.7,5.8,-4,11,대구광역시
 2018-01,-0.9,4,-5.2,21.1,대구광역시
 2018-02,1.3,7.1,-4.2,25.1,대구광역시
 2018-03,9.2,15.6,3.3,98.7,대구광역시
 2018-04,15,21.4,8.9,113,대구광역시
 2018-05,19.2,24.8,14.2,99.7,대구광역시
 2018-06,23.6,28.7,18.7,121.1,대구광역시
 2018-07,28.2,33.1,24,169.6,대구광역시
 2018-08,27.7,32.9,23.7,334.2,대구광역시
 2018-09,21,25.4,17.2,109,대구광역시
 2018-10,14.3,20,9.3,165.1,대구광역시
 2018-11,8.8,15.2,3.3,17.2,대구광역시
 2018-12,2,7,-2.3,23.8,대구광역시
 2019-01,1.7,7.3,-3.5,9.5,대구광역시
 2019-02,4,9.1,-0.9,26.2,대구광역시
 2019-03,9.4,15.5,3.6,20.7,대구광역시
 2019-04,13.5,19.4,8,88,대구광역시
 2019-05,20.7,27.5,13.6,25.7,대구광역시
 2019-06,22.8,28.5,17.8,160.8,대구광역시
 2019-07,25.8,30,22.3,139.4,대구광역시
 2019-08,27.4,32.2,23.7,141.9,대구광역시
 2019-09,22.6,27,19.1,185.5,대구광역시
 2019-10,16.8,22,12.2,155.2,대구광역시
 2019-11,9.8,16.3,4.3,15.3,대구광역시
 2019-12,3.5,9,-1,27.5,대구광역시
 2020-01,3.8,8.4,0.1,70.4,대구광역시
 2020-02,4.9,10.4,0.2,40.2,대구광역시
 2020-03,9.5,15.8,3.6,24.5,대구광역시
 2020-04,12.6,19,6.5,32.4,대구광역시
 2020-05,19.4,25.7,14,38.1,대구광역시
 2020-06,24.5,30.5,19.3,185.3,대구광역시
 2020-07,23.2,26.8,20.2,330.5,대구광역시
 2020-08,28.6,33.3,24.8,322.7,대구광역시
 2020-09,21.2,26,17.1,161,대구광역시
 2020-10,15.4,21.3,10.1,13.1,대구광역시
 2020-11,9.7,15.3,4.5,23.9,대구광역시
 2020-12,1.6,7.2,-3.1,2.8,대구광역시
 2010-01,5.8,9,2.8,177.4,제주특별자치도
 2010-02,7.7,10.7,4.7,325.1,제주특별자치도
 2010-03,9.5,12.8,5.9,800.5,제주특별자치도
 2010-04,11.9,15.3,8.8,978.1,제주특별자치도
 2010-05,17.1,20.9,14.1,299,제주특별자치도
 2010-06,20.9,24,18.6,1014.2,제주특별자치도
 2010-07,25.5,28.3,23.3,1007.4,제주특별자치도
 2010-08,28.1,31,25.8,1440.3,제주특별자치도
 2010-09,24.7,27.7,22.3,602.9,제주특별자치도
 2010-10,18.3,21.4,15.5,459.2,제주특별자치도
 2010-11,12.7,16.5,8.8,8.4,제주특별자치도
 2010-12,7.8,11.3,4.5,314.3,제주특별자치도
 2011-01,2.8,5.2,0.7,46.3,제주특별자치도
 2011-02,7.7,11,4.6,244,제주특별자치도
 2011-03,8.1,11.4,4.9,194.8,제주특별자치도
 2011-04,13.2,17,9.3,378.7,제주특별자치도
 2011-05,18,21.3,15.4,341.1,제주특별자치도
 2011-06,21.2,23.8,19.2,1656.3,제주특별자치도
 2011-07,26.5,29.4,24.3,301.2,제주특별자치도
 2011-08,25.8,28.5,24,1156.5,제주특별자치도
 2011-09,23.7,27,21.1,268,제주특별자치도
 2011-10,18.5,21.8,15.6,250.9,제주특별자치도
 2011-11,16.3,19.4,13.7,1285.1,제주특별자치도
 2011-12,7.4,10.2,4.8,192.9,제주특별자치도
 2012-01,5.8,8.4,3.4,57.8,제주특별자치도
 2012-02,5.4,8.3,2.6,377.2,제주특별자치도
 2012-03,9.6,12.8,6.5,669.2,제주특별자치도
 2012-04,14.7,18.5,10.7,1190.2,제주특별자치도
 2012-05,19,22.8,15.6,390.6,제주특별자치도
 2012-06,22.1,25,19.9,587.3,제주특별자치도
 2012-07,26,28.7,23.7,769.9,제주특별자치도
 2012-08,27.6,30.5,25.5,2451.8,제주특별자치도
 2012-09,22.2,25.4,19.7,1164.1,제주특별자치도
 2012-10,18.8,22.3,15.6,126.7,제주특별자치도
 2012-11,12.3,15.4,9.3,481,제주특별자치도
 2012-12,6.7,9.8,3.9,559.8,제주특별자치도
 2013-01,5.7,8.7,2.7,118.1,제주특별자치도
 2013-02,6.6,9.8,3.2,336.2,제주특별자치도
 2013-03,10.3,14.9,5.9,233.9,제주특별자치도
 2013-04,13.3,17.3,9.3,403.3,제주특별자치도
 2013-05,18.3,22,14.9,470,제주특별자치도
 2013-06,21.4,24.3,19.4,643,제주특별자치도
 2013-07,27.2,30,25.1,56,제주특별자치도
 2013-08,28.6,31.9,25.8,545,제주특별자치도
 2013-09,24.2,27.4,21.4,321.5,제주특별자치도
 2013-10,19.7,22.8,16.8,327.9,제주특별자치도
 2013-11,12.8,16.2,9.5,385.1,제주특별자치도
 2013-12,7.9,10.9,5,166.8,제주특별자치도
 2014-01,6.9,10.3,3.3,164.9,제주특별자치도
 2014-02,7.5,10.4,4.9,471.9,제주특별자치도
 2014-03,10.7,14,7.3,581,제주특별자치도
 2014-04,14.7,18.3,11.5,493.5,제주특별자치도
 2014-05,18.5,22.6,14.8,736.7,제주특별자치도
 2014-06,21.3,24.3,18.9,633.3,제주특별자치도
 2014-07,24.8,27.5,22.6,1296.9,제주특별자치도
 2014-08,25,27.5,23.2,1711.9,제주특별자치도
 2014-09,23.6,26.6,20.9,496.4,제주특별자치도
 2014-10,19.3,22.6,16.3,387.1,제주특별자치도
 2014-11,14.1,17.4,11.2,363.3,제주특별자치도
 2014-12,7,10.2,3.8,212.2,제주특별자치도
 2015-01,7.3,10.5,4.2,330.5,제주특별자치도
 2015-02,7.1,10.3,4.1,376,제주특별자치도
 2015-03,10.1,13.6,6.7,545.4,제주특별자치도
 2015-04,14.3,18,11.1,849.8,제주특별자치도
 2015-05,18.1,22,14.9,1089.4,제주특별자치도
 2015-06,21,24,18.6,904.1,제주특별자치도
 2015-07,24.4,27.3,22.2,1275.2,제주특별자치도
 2015-08,26,29.1,23.6,722.1,제주특별자치도
 2015-09,22.7,25.8,20,970.5,제주특별자치도
 2015-10,18.7,22.5,15.3,168.6,제주특별자치도
 2015-11,15,17.7,12.2,804.9,제주특별자치도
 2015-12,9.7,12.4,7,398.5,제주특별자치도
 2016-01,5.7,8.4,3.3,438.4,제주특별자치도
 2016-02,7,10.2,3.9,363.2,제주특별자치도
 2016-03,10.4,13.9,7.1,530.7,제주특별자치도
 2016-04,15.2,19,12,795.3,제주특별자치도
 2016-05,18.4,22.1,15.1,670.6,제주특별자치도
 2016-06,21.6,24.6,19.3,878.9,제주특별자치도
 2016-07,26.4,29.1,24.2,589.2,제주특별자치도
 2016-08,28,31.2,25.3,404.3,제주특별자치도
 2016-09,23.6,26.3,21.4,771.6,제주특별자치도
 2016-10,20,22.9,17.8,1118.4,제주특별자치도
 2016-11,13.7,17,10.8,259.5,제주특별자치도
 2016-12,9.6,13,6.5,349.8,제주특별자치도
 2017-01,6.7,9.8,3.9,174.9,제주특별자치도
 2017-02,6.8,10.5,3.1,247.4,제주특별자치도
 2017-03,9.7,13.2,6.3,179.1,제주특별자치도
 2017-04,15.2,18.9,11.7,465.7,제주특별자치도
 2017-05,18.8,22.9,15.3,195.2,제주특별자치도
 2017-06,21.7,25.1,18.9,564.1,제주특별자치도
 2017-07,27.9,31,25.6,537.6,제주특별자치도
 2017-08,28,31.4,25.4,1108.3,제주특별자치도
 2017-09,23.8,27,21.2,342.8,제주특별자치도
 2017-10,19.2,22,16.6,934.9,제주특별자치도
 2017-11,12.7,16.3,9.1,49.1,제주특별자치도
 2017-12,6.9,9.9,3.9,87.2,제주특별자치도
 2018-01,4.9,7.7,2.2,271.8,제주특별자치도
 2018-02,5.5,8.8,2.4,297.8,제주특별자치도
 2018-03,11.2,15.1,7.7,550.3,제주특별자치도
 2018-04,15.5,19.3,12.1,834.2,제주특별자치도
 2018-05,18.4,22,15.5,863.4,제주특별자치도
 2018-06,21.7,25,19,1079.3,제주특별자치도
 2018-07,26.7,29.6,24.5,134.5,제주특별자치도
 2018-08,28,31.1,25.7,788.3,제주특별자치도
 2018-09,23.5,26.5,21,1319.9,제주특별자치도
 2018-10,17.5,20.8,14.4,862.6,제주특별자치도
 2018-11,13.9,17.4,10.6,172.2,제주특별자치도
 2018-12,8.8,11.6,6.3,253.9,제주특별자치도
 2019-01,6.6,9.5,4,79.5,제주특별자치도
 2019-02,7.7,10.8,4.9,187.1,제주특별자치도
 2019-03,10.7,14.6,7.2,299.8,제주특별자치도
 2019-04,14.4,18.3,11.1,296,제주특별자치도
 2019-05,19.2,23.1,15.4,789.4,제주특별자치도
 2019-06,21.2,24.4,18.5,678,제주특별자치도
 2019-07,24.4,27,22.4,1670,제주특별자치도
 2019-08,27.1,30.1,24.7,1258.5,제주특별자치도
 2019-09,23.9,26.7,21.7,2018.9,제주특별자치도
 2019-10,19.6,22.7,16.6,700.3,제주특별자치도
 2019-11,14.7,18.3,11.3,111.1,제주특별자치도
 2019-12,9.8,13.1,6.7,320.6,제주특별자치도
 2020-01,8.7,11.2,6.4,397.3,제주특별자치도
 2020-02,9,12.4,5.6,265.6,제주특별자치도
 2020-03,11.3,14.8,7.8,385.7,제주특별자치도
 2020-04,13,16.9,9.4,283.6,제주특별자치도
 2020-05,18.3,22.2,15.2,601.3,제주특별자치도
 2020-06,22,25.3,19.4,1244.7,제주특별자치도
 2020-07,23.6,26.3,21.4,1132.6,제주특별자치도
 2020-08,28.1,31,25.9,685.5,제주특별자치도
 2020-09,22.5,25.5,19.9,1427.5,제주특별자치도
 2020-10,18.2,21.3,15.4,162,제주특별자치도
 2020-11,14.2,17.4,11.1,74.2,제주특별자치도
 2020-12,7.6,10.8,4.7,164.2,제주특별자치도
 2010-01,-5.8,-0.1,-11.5,140.8,경기도
 2010-02,0.5,5.7,-4.2,251,경기도
 2010-03,4,8.9,-0.5,420,경기도
 2010-04,9.1,15.4,3.3,306.7,경기도
 2010-05,16.8,23.2,10.9,530,경기도
 2010-06,22.6,28.6,17.3,737.8,경기도
 2010-07,25.4,29.7,22.3,1301.8,경기도
 2010-08,26,30.4,23,2200,경기도
 2010-09,20.9,26.3,17,2315,경기도
 2010-10,13,19.8,7.8,148.9,경기도
 2010-11,5,11.5,-0.5,93,경기도
 2010-12,-2.2,3.2,-7.4,124.4,경기도
 2011-01,-8.7,-2.4,-14.9,38.4,경기도
 2011-02,-0.2,6.3,-5.7,203.6,경기도
 2011-03,3.3,9.6,-2.4,92.7,경기도
 2011-04,10,16.8,3.8,674.5,경기도
 2011-05,16.9,23.4,11.2,500.4,경기도
 2011-06,21.4,27.1,16.8,1863.4,경기도
 2011-07,24.5,28.5,21.7,5030.2,경기도
 2011-08,25.2,29.8,21.9,1390.7,경기도
 2011-09,20.2,26.3,15.5,249.5,경기도
 2011-10,12.2,19.5,6.3,188.6,경기도
 2011-11,9.7,15,5,313.6,경기도
 2011-12,-1.8,3.3,-6.5,48.3,경기도
 2012-01,-3.9,2,-9.4,41,경기도
 2012-02,-2.9,3.8,-9,1.3,경기도
 2012-03,4.6,10.3,-0.4,208.7,경기도
 2012-04,11.8,18.7,5.7,689,경기도
 2012-05,18.5,25.5,12.4,131.9,경기도
 2012-06,23.3,29.8,18.1,513.8,경기도
 2012-07,25.2,29.8,21.5,1996.4,경기도
 2012-08,26.4,31.2,22.7,2176.8,경기도
 2012-09,19.8,25.6,15.4,934.9,경기도
 2012-10,13.5,20.7,7.7,428.7,경기도
 2012-11,4.6,10,-0.2,334.6,경기도
 2012-12,-5.2,-0.1,-9.8,202.4,경기도
 2013-01,-4.9,0.8,-10,118.2,경기도
 2013-02,-1.8,3.6,-6.9,275.1,경기도
 2013-03,4.6,11.9,-1.5,188.9,경기도
 2013-04,9.6,16,3.6,334.9,경기도
 2013-05,17.7,24.4,11.8,642.9,경기도
 2013-06,23.5,29.4,18.5,325.1,경기도
 2013-07,25.3,28.9,22.8,3188,경기도
 2013-08,26.7,31.7,22.9,767.5,경기도
 2013-09,20.5,26.2,16.1,743.4,경기도
 2013-10,14.2,21.4,8.3,70.5,경기도
 2013-11,4.8,10.6,-0.2,309,경기도
 2013-12,-1.7,3.7,-6.4,144.6,경기도
 2014-01,-2,3.7,-7.3,59,경기도
 2014-02,0.9,6.8,-4,107.2,경기도
 2014-03,7,13.8,0.9,54.9,경기도
 2014-04,13.1,20.4,6.9,182.7,경기도
 2014-05,17.9,25.3,11.3,336.4,경기도
 2014-06,22.3,28.1,17.9,367.1,경기도
 2014-07,25.2,30.6,21.1,898.8,경기도
 2014-08,24,28.7,20.4,918.6,경기도
 2014-09,20.5,26.9,15.6,428.3,경기도
 2014-10,13.8,21.1,7.7,353.9,경기도
 2014-11,7.2,13.4,1.8,201.4,경기도
 2014-12,-3.8,1.6,-8.7,86.7,경기도
 2015-01,-1.9,3.7,-6.9,91.8,경기도
 2015-02,0.3,6.1,-4.7,118,경기도
 2015-03,5.4,13,-1.5,61.6,경기도
 2015-04,12.5,19.4,6.3,450.5,경기도
 2015-05,18.1,25.5,11.2,158.4,경기도
 2015-06,22.6,29.1,17.1,367.2,경기도
 2015-07,24.9,29.7,21.1,1212.7,경기도
 2015-08,25.2,30.9,21.1,367.4,경기도
 2015-09,20.6,27.4,14.9,151.4,경기도
 2015-10,13.9,21.2,8,337.4,경기도
 2015-11,8.2,12.9,4.4,616.6,경기도
 2015-12,0.8,6.3,-3.7,166.8,경기도
 2016-01,-3.7,2,-8.8,10.9,경기도
 2016-02,-0.2,5.9,-5.9,243.5,경기도
 2016-03,6.3,13.4,0.1,248.2,경기도
 2016-04,13.7,21.4,7.4,413.4,경기도
 2016-05,18.5,25.9,12.1,688.2,경기도
 2016-06,22.8,29,17.7,151.9,경기도
 2016-07,25.3,30,21.7,1730.9,경기도
 2016-08,26.8,32.4,22.5,316.7,경기도
 2016-09,21.7,27.7,17.4,216.9,경기도
 2016-10,14.7,21,9.7,667.6,경기도
 2016-11,6,11.9,0.8,83.1,경기도
 2016-12,0.5,6.1,-4.4,309.3,경기도
 2017-01,-2.6,3.4,-8.1,67.7,경기도
 2017-02,-0.8,5.3,-6.7,87.3,경기도
 2017-03,5.3,12.7,-1.2,61.4,경기도
 2017-04,13,20.4,6.4,280.7,경기도
 2017-05,18.2,25.6,11.5,131.9,경기도
 2017-06,22.1,29,16.1,247.8,경기도
 2017-07,25.9,30.2,22.9,2447.2,경기도
 2017-08,24.5,29.4,21,1631.7,경기도
 2017-09,20,26.8,14.5,123.9,경기도
 2017-10,14.3,21.4,8.7,106.5,경기도
 2017-11,4.2,10.6,-1.5,139.2,경기도
 2017-12,-3,2,-8.1,149.2,경기도
 2018-01,-5,0.6,-9.7,33.5,경기도
 2018-02,-2.7,3.8,-8.8,156.1,경기도
 2018-03,7.2,13.9,1.5,302.1,경기도
 2018-04,12.1,19.3,5.8,647.7,경기도
 2018-05,17.2,23.6,11.5,1043.7,경기도
 2018-06,22.2,28.6,16.9,663.4,경기도
 2018-07,26.7,32,22.4,1050.6,경기도
 2018-08,27.4,33,23.1,1346.3,경기도
 2018-09,20,26.1,15,348.2,경기도
 2018-10,11.3,18.6,5.5,564.6,경기도
 2018-11,6.2,13.3,0.9,331,경기도
 2018-12,-1.8,4.3,-7.1,96.3,경기도
 2019-01,-2.4,4.4,-8.7,2.8,경기도
 2019-02,0,6.3,-5.7,145.8,경기도
 2019-03,5.9,12.9,-0.3,174.8,경기도
 2019-04,11.1,18.2,4.4,221.8,경기도
 2019-05,18.3,26,10.8,141.8,경기도
 2019-06,21.6,27.6,16.3,334.3,경기도
 2019-07,25.1,30,21.3,1255.3,경기도
 2019-08,25.9,31.2,21.8,735.1,경기도
 2019-09,21.1,26.5,16.9,1198.2,경기도
 2019-10,14.7,21.3,9.2,283.3,경기도
 2019-11,6.1,12.9,0.5,388.6,경기도
 2019-12,0.3,5,-4.3,120.6,경기도
 2020-01,0.6,6.1,-3.9,351.4,경기도
 2020-02,1.7,7.4,-3.2,277.9,경기도
 2020-03,6.9,13.9,0.2,87.4,경기도
 2020-04,10.3,17.4,3.4,98.5,경기도
 2020-05,17.3,23.4,12.3,582.1,경기도
 2020-06,23,28.6,18.2,551.3,경기도
 2020-07,23.2,27.5,19.7,1461.8,경기도
 2020-08,25.8,29.6,23.1,3340.5,경기도
 2020-09,19.9,25.3,15.9,820.8,경기도
 2020-10,12.4,19.6,6.3,39.9,경기도
 2020-11,6.6,12.8,1.2,292.5,경기도
 2020-12,-1.8,3.9,-6.7,20.8,경기도
 2010-01,0.8,6.7,-4.5,385.8,경상남도
 2010-02,4.2,9.3,-0.3,1405.3,경상남도
 2010-03,7.1,11.5,2.7,1401.8,경상남도
 2010-04,10.9,16.4,5.7,1723.1,경상남도
 2010-05,17.6,23.5,12.3,2089.4,경상남도
 2010-06,22.5,28.2,17.8,755,경상남도
 2010-07,25.4,29.7,22.4,5128.6,경상남도
 2010-08,27.5,31.9,24.4,4152.7,경상남도
 2010-09,22.9,28.4,18.7,3777.2,경상남도
 2010-10,15.9,22.2,11,728.6,경상남도
 2010-11,7.9,15.3,1.7,91.4,경상남도
 2010-12,2.5,8.4,-2.7,381.3,경상남도
 2011-01,-2.3,3.4,-7.6,3.3,경상남도
 2011-02,3.5,10,-1.9,1037.5,경상남도
 2011-03,6.2,12.5,0.1,380.6,경상남도
 2011-04,12.6,18.9,6.4,1855.9,경상남도
 2011-05,17.8,23.1,12.9,2081.4,경상남도
 2011-06,22.4,27.4,18.4,3571.5,경상남도
 2011-07,25.7,29.8,22.5,6207.7,경상남도
 2011-08,25.4,29.3,22.7,4152.5,경상남도
 2011-09,22.1,27.5,17.8,557.8,경상남도
 2011-10,15,21.4,9.7,1373.5,경상남도
 2011-11,11.9,17.1,7.8,2076.3,경상남도
 2011-12,2.4,7.8,-2.3,82.3,경상남도
 2012-01,0.8,5.9,-3.8,149.8,경상남도
 2012-02,1,6.3,-3.8,182.8,경상남도
 2012-03,7.2,12.4,2.3,1672,경상남도
 2012-04,13.6,19.6,7.7,2569.6,경상남도
 2012-05,18.9,25.1,13.5,673.3,경상남도
 2012-06,21.9,26.7,18.1,1002,경상남도
 2012-07,26,30.3,22.6,4323.8,경상남도
 2012-08,26.8,31.2,23.6,5164.6,경상남도
 2012-09,20.8,26.1,16.7,5257.5,경상남도
 2012-10,14.9,22.2,9.2,680.5,경상남도
 2012-11,7.8,13.4,2.9,840.2,경상남도
 2012-12,0.5,5.4,-3.7,1134.4,경상남도
 2013-01,-0.2,5.6,-5.1,222.6,경상남도
 2013-02,2.5,8,-2.7,943.9,경상남도
 2013-03,8.7,15.8,1.8,1108.9,경상남도
 2013-04,11.5,17.8,5.3,1266.1,경상남도
 2013-05,18.5,25.1,12.5,2453.4,경상남도
 2013-06,22.7,27.6,18.8,1559.5,경상남도
 2013-07,26.6,30.7,23.5,3194.8,경상남도
 2013-08,27.5,33.1,23.6,2064.3,경상남도
 2013-09,21.9,27.6,17.6,1269.8,경상남도
 2013-10,16.5,22.7,11.6,1299,경상남도
 2013-11,8.2,14.5,3,863,경상남도
 2013-12,2.9,8.6,-2.1,95.4,경상남도
 2014-01,1.9,8.6,-3.8,107.9,경상남도
 2014-02,4.2,9.8,-0.7,311.4,경상남도
 2014-03,8.6,14.6,3.1,1823.9,경상남도
 2014-04,13.7,20.6,7.8,1547,경상남도
 2014-05,18.7,25.6,12.3,1246.1,경상남도
 2014-06,21.7,26.7,17.7,974.2,경상남도
 2014-07,24.9,29.5,21.3,2574,경상남도
 2014-08,24,27.9,21.2,8895.1,경상남도
 2014-09,21.2,27,16.9,1704.6,경상남도
 2014-10,15.4,21.8,10.4,1798.6,경상남도
 2014-11,9.6,15.8,4.7,931,경상남도
 2014-12,1.3,6.8,-3.4,192.4,경상남도
 2015-01,1.9,7.5,-2.9,433.9,경상남도
 2015-02,3.2,9,-1.9,468,경상남도
 2015-03,7.8,14.7,1.6,1006.7,경상남도
 2015-04,13.2,19.2,8.1,2887.2,경상남도
 2015-05,18.9,25.6,12.8,1614.9,경상남도
 2015-06,21.2,26.4,17.1,1146.9,경상남도
 2015-07,24.3,28.8,20.9,3280.9,경상남도
 2015-08,25.3,30.5,21.4,2062.7,경상남도
 2015-09,20.5,26.2,16.1,1504,경상남도
 2015-10,15.5,22.7,10,823,경상남도
 2015-11,11.4,16,7.7,1451.4,경상남도
 2015-12,5.1,10.3,0.6,645.9,경상남도
 2016-01,0.8,6,-3.6,600.1,경상남도
 2016-02,3.5,9.4,-1.7,900.4,경상남도
 2016-03,8.6,14.7,3.1,1313,경상남도
 2016-04,14.4,20.7,9.1,3391.4,경상남도
 2016-05,18.9,25.6,12.6,1718.6,경상남도
 2016-06,22.3,27.1,18.3,1441.4,경상남도
 2016-07,25.9,30.6,22.4,3033.8,경상남도
 2016-08,27,32.9,22.6,1243.1,경상남도
 2016-09,21.8,26.1,18.6,5907.3,경상남도
 2016-10,16.7,21.6,13,2976.1,경상남도
 2016-11,9.1,15,4.1,474.1,경상남도
 2016-12,4.4,10.3,-0.7,1319.5,경상남도
 2017-01,1.8,7.8,-3.5,105.2,경상남도
 2017-02,3.6,9.9,-2.4,514.3,경상남도
 2017-03,7.5,14.1,1.6,439.1,경상남도
 2017-04,14.7,21.2,8.6,1569.1,경상남도
 2017-05,19.2,26.3,12.7,513.7,경상남도
 2017-06,22.2,28.6,16.9,913.1,경상남도
 2017-07,26.9,31.7,23.5,2119.7,경상남도
 2017-08,26.5,31.6,22.6,2265.9,경상남도
 2017-09,21,27.1,16.2,2299.4,경상남도
 2017-10,16.3,22.1,12.1,1289.6,경상남도
 2017-11,8.4,15.5,2.3,7.3,경상남도
 2017-12,1.2,7.3,-4.3,232.7,경상남도
 2018-01,-0.2,5.5,-4.9,383.1,경상남도
 2018-02,1.9,8.3,-4.1,504.3,경상남도
 2018-03,8.9,15.5,2.8,2409.9,경상남도
 2018-04,14.1,20.5,8.1,2026.1,경상남도
 2018-05,18.4,24.1,13.2,1889.2,경상남도
 2018-06,22.3,28,17.6,2892.1,경상남도
 2018-07,27.2,32.4,23,2323.9,경상남도
 2018-08,27.4,32.6,23.4,4266.9,경상남도
 2018-09,20.9,25.6,17.1,2982.3,경상남도
 2018-10,14.1,20.6,8.8,2919.8,경상남도
 2018-11,8.9,16,3.6,475,경상남도
 2018-12,3,8.6,-1.7,445.6,경상남도
 2019-01,1.9,8.7,-3.6,202.7,경상남도
 2019-02,4.3,10.5,-1,604.3,경상남도
 2019-03,9,15.5,2.9,769.9,경상남도
 2019-04,12.8,19,7.1,1434.8,경상남도
 2019-05,19,26.3,12.1,1504.4,경상남도
 2019-06,21.6,27.4,17.1,3743.2,경상남도
 2019-07,24.8,29,21.6,4467.9,경상남도
 2019-08,26.5,31.4,22.6,1348.5,경상남도
 2019-09,22.3,27.2,18.8,4245,경상남도
 2019-10,16.5,22.4,11.8,3081.8,경상남도
 2019-11,10,17,4.5,348,경상남도
 2019-12,3.8,10,-1.1,486.9,경상남도
 2020-01,4,9.4,-0.3,1490.9,경상남도
 2020-02,5.2,11.1,-0.1,818.4,경상남도
 2020-03,9.2,15.6,3.1,594.2,경상남도
 2020-04,11.8,18.5,5.4,869.7,경상남도
 2020-05,18.3,24.1,13.2,1208.8,경상남도
 2020-06,23.2,28.9,18.5,3425.9,경상남도
 2020-07,22.7,26.5,20.1,7970.8,경상남도
 2020-08,27.3,31.7,24.1,4958.3,경상남도
 2020-09,20.8,25.7,17,4012.8,경상남도
 2020-10,15.1,21.7,9.9,305.4,경상남도
 2020-11,9.9,16.1,4.5,647.3,경상남도
 2020-12,2,8.3,-2.9,108,경상남도
 2010-01,1.5,7.4,-3.2,17,울산광역시
 2010-02,4.4,9.2,0.4,108,울산광역시
 2010-03,7,11,3,98.9,울산광역시
 2010-04,10.8,16.1,5.9,112.8,울산광역시
 2010-05,17.6,22.9,12.9,137.3,울산광역시
 2010-06,22.2,27.6,17.7,40.1,울산광역시
 2010-07,25.4,29.6,22.2,266.8,울산광역시
 2010-08,27.8,32.1,24.4,114.5,울산광역시
 2010-09,22.7,27.7,18.7,182,울산광역시
 2010-10,16.6,21.5,12.4,38.5,울산광역시
 2010-11,9,15.9,3.5,15.5,울산광역시
 2010-12,3.3,9,-1.4,30.2,울산광역시
 2011-01,-1.9,3.3,-6.3,10.5,울산광역시
 2011-02,4.3,9.5,-0.1,76.1,울산광역시
 2011-03,6.7,12.6,1.4,18.5,울산광역시
 2011-04,12.6,18.5,7,83.6,울산광역시
 2011-05,17.2,21.9,13,114.8,울산광역시
 2011-06,22,26.8,18.1,293.5,울산광역시
 2011-07,25.2,29.7,21.7,284.8,울산광역시
 2011-08,25.3,29.5,21.9,71,울산광역시
 2011-09,21.8,26.7,17.5,96.5,울산광역시
 2011-10,15.8,21.4,11,71,울산광역시
 2011-11,12.3,17.3,8.4,93.9,울산광역시
 2011-12,3.2,7.9,-0.7,19,울산광역시
 2012-01,1.6,6.1,-2.1,74.2,울산광역시
 2012-02,1.5,6.4,-2.7,12,울산광역시
 2012-03,7.5,12,3.3,103.2,울산광역시
 2012-04,14.1,19.9,8.6,150.5,울산광역시
 2012-05,18.4,24.1,14.1,38.1,울산광역시
 2012-06,21.2,25.4,18.1,76.4,울산광역시
 2012-07,26.1,30.3,22.8,221,울산광역시
 2012-08,26.8,31,23.9,220.4,울산광역시
 2012-09,21.1,26.1,17.2,392.6,울산광역시
 2012-10,16.1,22.1,11.2,40.6,울산광역시
 2012-11,8.9,14.3,4.2,65.9,울산광역시
 2012-12,1.3,6.4,-3,63.2,울산광역시
 2013-01,0.9,6.6,-3.7,22,울산광역시
 2013-02,3.4,9,-1.6,26.4,울산광역시
 2013-03,9.4,16.1,3,78,울산광역시
 2013-04,12.1,18,6.4,86.5,울산광역시
 2013-05,18.4,24.4,13.3,155.1,울산광역시
 2013-06,22,26.8,18.6,79.9,울산광역시
 2013-07,27.8,32.3,24.3,130.1,울산광역시
 2013-08,29,34.1,25,47.7,울산광역시
 2013-09,22.8,27.6,19,49.6,울산광역시
 2013-10,17.7,22.5,13.7,129.9,울산광역시
 2013-11,9.8,15.5,5.2,40.9,울산광역시
 2013-12,4.3,9.6,-0.1,12.2,울산광역시
 2014-01,3.9,9.6,-0.9,8.6,울산광역시
 2014-02,4.8,9.1,1.2,98.5,울산광역시
 2014-03,9.5,15.1,4.5,122.4,울산광역시
 2014-04,14.4,20.1,9.4,91.2,울산광역시
 2014-05,19.9,26.1,14.2,45.7,울산광역시
 2014-06,21.7,25.9,18.3,73.6,울산광역시
 2014-07,25.9,30.2,22.5,96.9,울산광역시
 2014-08,24.3,27.7,21.8,577.5,울산광역시
 2014-09,21.9,26.3,18.1,113.2,울산광역시
 2014-10,16.7,21.8,12.6,120.3,울산광역시
 2014-11,11.3,16.9,6.8,44.3,울산광역시
 2014-12,2.6,7.5,-1.7,6.5,울산광역시
 2015-01,3.5,8.3,-0.9,26.3,울산광역시
 2015-02,4.5,10,-0.1,20.4,울산광역시
 2015-03,8.9,14.7,3.5,51.7,울산광역시
 2015-04,13.8,18.9,9.1,122.9,울산광역시
 2015-05,20,25.6,14.8,98.3,울산광역시
 2015-06,21.5,25.8,17.7,77,울산광역시
 2015-07,24.4,28.3,21.4,176.3,울산광역시
 2015-08,26.4,30.9,22.7,120.2,울산광역시
 2015-09,21.1,25.3,17.8,160.6,울산광역시
 2015-10,16.6,22.5,11.8,39.8,울산광역시
 2015-11,12.4,16.4,9.2,103.5,울산광역시
 2015-12,6.5,11.4,2.4,47.6,울산광역시
 2016-01,1.8,6.9,-2.3,50.6,울산광역시
 2016-02,4.8,10,0.2,32.4,울산광역시
 2016-03,9.2,14.4,4.7,92.2,울산광역시
 2016-04,14.3,19,9.7,179.2,울산광역시
 2016-05,18.9,24.3,13.8,86.1,울산광역시
 2016-06,22,26,18.5,70.1,울산광역시
 2016-07,25.3,29.4,22,226.9,울산광역시
 2016-08,26.4,30.9,22.9,98.2,울산광역시
 2016-09,21.7,25.1,19,364.3,울산광역시
 2016-10,17.2,21.1,14,358.7,울산광역시
 2016-11,10.1,14.9,5.8,47.1,울산광역시
 2016-12,6.1,11,1.4,88.1,울산광역시
 2017-01,2.8,7.5,-1.6,15.3,울산광역시
 2017-02,4.4,9.4,-0.9,23.6,울산광역시
 2017-03,8,12.9,3.4,27.6,울산광역시
 2017-04,15.1,20.1,10.3,111.9,울산광역시
 2017-05,19.6,25.3,14.2,26.3,울산광역시
 2017-06,21.2,26.4,17.1,38.5,울산광역시
 2017-07,27.1,31.3,23.7,104.6,울산광역시
 2017-08,25.9,29.9,22.7,69.8,울산광역시
 2017-09,21.3,25.8,17.4,178,울산광역시
 2017-10,17,21.1,13.4,63.1,울산광역시
 2017-11,9.8,15.4,4.3,0,울산광역시
 2017-12,2.3,7.2,-2.6,12.7,울산광역시
 2018-01,0.7,5.4,-3.4,31.3,울산광역시
 2018-02,2.6,7.6,-2.1,44.8,울산광역시
 2018-03,9.5,14.6,4.4,155.3,울산광역시
 2018-04,14.5,19.9,9.7,123.3,울산광역시
 2018-05,18.1,22.8,14.2,95.4,울산광역시
 2018-06,21.6,26.2,17.9,127.6,울산광역시
 2018-07,26.8,30.8,23.5,160.3,울산광역시
 2018-08,27,31.1,23.6,279.3,울산광역시
 2018-09,21.1,24.7,18.3,156.9,울산광역시
 2018-10,15.1,20.2,10.5,162,울산광역시
 2018-11,10.7,16,5.9,51.8,울산광역시
 2018-12,4.1,8.7,-0.1,28.1,울산광역시
 2019-01,3.5,8.9,-1,15.5,울산광역시
 2019-02,5.1,10.1,0.9,38.8,울산광역시
 2019-03,9.9,15.4,4.7,40.7,울산광역시
 2019-04,12.8,18,8,88.9,울산광역시
 2019-05,19.7,25.5,14,35,울산광역시
 2019-06,20.7,25.1,17,247.5,울산광역시
 2019-07,24.8,28.4,21.9,206.5,울산광역시
 2019-08,26.4,30.3,23.1,195.7,울산광역시
 2019-09,22.3,26.1,19.2,287.5,울산광역시
 2019-10,17.3,21.7,13.5,222.2,울산광역시
 2019-11,11.3,16.7,6.6,31,울산광역시
 2019-12,5.4,10.5,0.9,40.8,울산광역시
 2020-01,5.2,9.5,1.8,178.7,울산광역시
 2020-02,6,11,1.4,53.6,울산광역시
 2020-03,9.6,14.9,4.6,41.6,울산광역시
 2020-04,12.3,18,7,73.2,울산광역시
 2020-05,18.1,23.3,13.9,51.5,울산광역시
 2020-06,22.7,27.6,18.5,218.6,울산광역시
 2020-07,22.1,25.3,19.8,498.3,울산광역시
 2020-08,27.6,31.8,24.4,137.1,울산광역시
 2020-09,21.1,25,18,243,울산광역시
 2020-10,15.9,20.8,11.9,18.9,울산광역시
 2020-11,11,15.9,6.5,37.7,울산광역시
 2020-12,3.4,8.5,-0.9,5.7,울산광역시
 2010-01,-4.8,0.9,-10.1,197.7,충청북도
 2010-02,0.5,5.6,-4.1,355.3,충청북도
 2010-03,4,8.7,-0.4,473.9,충청북도
 2010-04,9.1,15.3,2.9,340.1,충청북도
 2010-05,16.9,23.5,10.3,548.4,충청북도
 2010-06,22.4,28.6,16.8,239.6,충청북도
 2010-07,25.1,29.6,21.6,917.7,충청북도
 2010-08,26.4,30.8,23.4,1924.9,충청북도
 2010-09,20.8,26.3,16.8,1398.9,충청북도
 2010-10,12.9,19.6,7.6,110,충청북도
 2010-11,5,12.1,-1.2,76.5,충청북도
 2010-12,-1.6,4.1,-6.9,120.2,충청북도
 2011-01,-7.6,-1.9,-13.3,16.2,충청북도
 2011-02,0.4,6.8,-5.5,228.5,충청북도
 2011-03,3.3,9.5,-2.6,130.9,충청북도
 2011-04,10.5,17.3,3.8,648.8,충청북도
 2011-05,17.3,23.3,11.4,743.2,충청북도
 2011-06,22,27.8,16.8,1871.8,충청북도
 2011-07,24.8,29,21.7,2620.8,충청북도
 2011-08,24.7,29,21.5,1644.5,충청북도
 2011-09,19.6,25.3,15.1,664,충청북도
 2011-10,11.9,19.1,6,265.4,충청북도
 2011-11,9.4,14.9,4.7,421,충청북도
 2011-12,-1.5,3.5,-6.1,66.8,충청북도
 2012-01,-3.3,2,-8.3,79.3,충청북도
 2012-02,-2.7,3.3,-8.4,13,충청북도
 2012-03,4.7,9.9,-0.2,387.5,충청북도
 2012-04,12.2,19.1,5.5,509.8,충청북도
 2012-05,18,24.8,11.8,209,충청북도
 2012-06,22.3,27.9,17.4,413.8,충청북도
 2012-07,25.1,29.8,21.3,1391.1,충청북도
 2012-08,25.8,30.3,22.2,2181.7,충청북도
 2012-09,19.1,24.6,14.9,985.3,충청북도
 2012-10,12.5,19.8,6.3,320.9,충청북도
 2012-11,4.5,9.8,-0.2,288,충청북도
 2012-12,-4.6,0.5,-9.3,267.9,충청북도
 2013-01,-4.6,1,-9.9,199.4,충청북도
 2013-02,-1.2,4.1,-6.2,200.7,충청북도
 2013-03,5.2,12.8,-1.6,242.3,충청북도
 2013-04,9.4,15.9,2.9,411.5,충청북도
 2013-05,17.7,24.5,11.2,497.5,충청북도
 2013-06,23,28.6,18.3,781.7,충청북도
 2013-07,25.7,29.9,22.6,1368.5,충청북도
 2013-08,26.3,31.6,22.2,900.5,충청북도
 2013-09,19.9,25.4,15.4,638.3,충청북도
 2013-10,13.8,20.9,7.9,126,충청북도
 2013-11,5,10.7,0.1,297.5,충청북도
 2013-12,-0.6,4.4,-5.2,162.9,충청북도
 2014-01,-1.7,4.4,-7.2,45.1,충청북도
 2014-02,1.1,7,-4,68.6,충청북도
 2014-03,6.7,13.1,0.6,299.4,충청북도
 2014-04,12.9,20.2,6.1,280.1,충청북도
 2014-05,18.1,25.5,10.9,176.5,충청북도
 2014-06,21.9,27.6,17.4,424.3,충청북도
 2014-07,24.9,30,20.6,568.6,충청북도
 2014-08,23.2,27.5,20,1419,충청북도
 2014-09,19.9,26.2,14.8,596.7,충청북도
 2014-10,13,20.4,6.8,747.9,충청북도
 2014-11,6.9,13,1.6,194.2,충청북도
 2014-12,-3.3,1.9,-8,132.1,충청북도
 2015-01,-1.5,3.6,-6.1,108.5,충청북도
 2015-02,0.5,6.1,-4.2,143.7,충청북도
 2015-03,5.6,13.2,-1.6,200.2,충청북도
 2015-04,12.1,18.5,6,474.3,충청북도
 2015-05,18.3,25.6,10.7,134.4,충청북도
 2015-06,22.2,28.4,16.6,390.9,충청북도
 2015-07,24.2,28.9,20.4,853.1,충청북도
 2015-08,24.7,30.3,20.4,364.5,충청북도
 2015-09,19.4,26.2,13.6,153.5,충청북도
 2015-10,13.4,20.8,7.2,382.4,충청북도
 2015-11,8.6,12.6,4.9,545.4,충청북도
 2015-12,1.3,6.2,-3.1,187.2,충청북도
 2016-01,-3.1,1.9,-7.8,40.6,충청북도
 2016-02,-0.1,5.6,-5.5,238.3,충청북도
 2016-03,6,12.9,-0.5,149.6,충청북도
 2016-04,13.6,20.9,6.9,651.5,충청북도
 2016-05,18.4,25.8,11.1,385.4,충청북도
 2016-06,22.6,28.3,17.4,215.2,충청북도
 2016-07,25.1,29.9,21.4,1913.4,충청북도
 2016-08,26.2,32.1,21.5,370.4,충청북도
 2016-09,20.9,26,16.9,522.8,충청북도
 2016-10,14.4,19.9,10.1,555.3,충청북도
 2016-11,5.7,11.9,0.3,135.1,충청북도
 2016-12,0.9,6.3,-4.2,224.1,충청북도
 2017-01,-2.2,3.5,-7.5,77,충청북도
 2017-02,-0.3,5.8,-6.1,196.4,충청북도
 2017-03,5.3,12.2,-1.1,103.5,충청북도
 2017-04,13.3,20.6,6.2,329.6,충청북도
 2017-05,18.4,25.8,11.2,105.9,충청북도
 2017-06,22,28.7,15.8,279,충청북도
 2017-07,25.8,30.2,22.6,2563.6,충청북도
 2017-08,24.7,29.4,20.9,1272.2,충청북도
 2017-09,19.3,25.8,13.8,398.5,충청북도
 2017-10,14,20.5,8.9,143.5,충청북도
 2017-11,4.6,11.2,-1.3,96,충청북도
 2017-12,-2.4,2.9,-7.4,124.2,충청북도
 2018-01,-4.3,0.8,-8.8,93,충청북도
 2018-02,-2.2,4.2,-8.5,163,충청북도
 2018-03,7.2,14,0.8,439.7,충청북도
 2018-04,12.7,19.8,5.6,625,충청북도
 2018-05,17.7,23.9,11.7,629.5,충청북도
 2018-06,22.3,28.4,17,430.4,충청북도
 2018-07,26.7,32.1,22.3,984.2,충청북도
 2018-08,27.1,32.7,22.7,1672.9,충청북도
 2018-09,19.5,25.1,14.5,801.4,충청북도
 2018-10,11.3,18.3,5.6,618.3,충청북도
 2018-11,6.2,13.3,0.5,232.8,충청북도
 2018-12,-1.3,4.5,-6.4,163.5,충청북도
 2019-01,-2,4.4,-7.8,13.8,충청북도
 2019-02,0.7,6.7,-4.9,151.4,충청북도
 2019-03,6.2,13.2,-0.3,160.2,충청북도
 2019-04,11.4,18.1,4.8,369.9,충청북도
 2019-05,18.3,26.1,10.3,150.9,충청북도
 2019-06,21.4,27.5,16,422.5,충청북도
 2019-07,24.6,29.3,20.7,936.3,충청북도
 2019-08,25.8,31.1,21.5,633,충청북도
 2019-09,21,26.2,16.7,863.5,충청북도
 2019-10,14.4,20.7,9.1,490.2,충청북도
 2019-11,6.8,13.8,0.9,392.1,충청북도
 2019-12,0.5,5.9,-4.3,121.7,충청북도
 2020-01,1,6.2,-3.2,333.1,충청북도
 2020-02,2,7.8,-3.2,331,충청북도
 2020-03,7,13.9,0,102.6,충청북도
 2020-04,10.2,17.3,2.9,146.1,충청북도
 2020-05,17.6,23.6,12,459.5,충청북도
 2020-06,23,28.5,18.2,690.6,충청북도
 2020-07,22.7,26.5,19.4,2056.4,충청북도
 2020-08,25.9,30.3,22.7,2498.5,충청북도
 2020-09,19.3,24.6,15.1,830.1,충청북도
 2020-10,12.1,19.1,6.1,36.9,충청북도
 2020-11,6.9,12.9,1.5,159.7,충청북도
 2020-12,-1.8,4.1,-6.8,35.2,충청북도
 2019-06,21.7,27.3,16.9,103.5,세종특별자치시
 2019-07,25.2,29.4,21.7,274.4,세종특별자치시
 2019-08,26.2,31.3,22.3,187.7,세종특별자치시
 2019-09,21.8,26.5,18.1,163.2,세종특별자치시
 2019-10,15.6,21.1,10.9,91.6,세종특별자치시
 2019-11,8.1,14.4,2.7,112.2,세종특별자치시
 2019-12,2,6.9,-2.2,26.5,세종특별자치시
 2020-01,2.1,7.1,-1.7,81.3,세종특별자치시
 2020-02,2.9,8.3,-1.9,89.7,세종특별자치시
 2020-03,7.8,14.3,1.7,22.6,세종특별자치시
 2020-04,10.8,17.9,4.3,17.6,세종특별자치시
 2020-05,18.2,24,13,91.6,세종특별자치시
 2020-06,23.2,28.5,18.9,214.2,세종특별자치시
 2020-07,23.2,27.1,20.1,436.4,세종특별자치시
 2020-08,26.8,31,23.9,501.1,세종특별자치시
 2020-09,20.5,25.4,16.8,171.3,세종특별자치시
 2020-10,13.4,19.8,8.2,6.4,세종특별자치시
 2020-11,8,13.4,3.3,50.1,세종특별자치시
 2020-12,-0.1,5,-4.3,3.5,세종특별자치시
 2010-01,-2,3.4,-7.1,386.2,경상북도
 2010-02,1.7,6.7,-2.7,910.3,경상북도
 2010-03,4.8,9.4,0.6,864.4,경상북도
 2010-04,9.6,15.3,3.9,700,경상북도
 2010-05,16.8,23.1,10.7,1464.7,경상북도
 2010-06,22,28,16.4,359.1,경상북도
 2010-07,25.1,29.5,21.6,1679.3,경상북도
 2010-08,26.5,31.2,23.2,3402.4,경상북도
 2010-09,20.8,26.3,16.7,2478.7,경상북도
 2010-10,13.9,20.1,8.9,569.7,경상북도
 2010-11,6.3,13.5,0.2,129.2,경상북도
 2010-12,0.4,6.1,-4.6,502,경상북도
 2011-01,-4.5,0.8,-9.7,390.6,경상북도
 2011-02,1.7,7.8,-3.7,1018.8,경상북도
 2011-03,4.6,10.8,-1.3,315.1,경상북도
 2011-04,11.1,17.7,4.6,1355.9,경상북도
 2011-05,16.5,22.3,11,2034.1,경상북도
 2011-06,21.8,27.5,16.7,3427.4,경상북도
 2011-07,24.5,28.8,21.3,3601.5,경상북도
 2011-08,24.6,28.8,21.4,2603.1,경상북도
 2011-09,20.2,25.6,15.9,1182.7,경상북도
 2011-10,13.2,19.9,7.7,975.5,경상북도
 2011-11,10,15.3,5.6,1001.3,경상북도
 2011-12,0.4,5.5,-4.2,431,경상북도
 2012-01,-1.3,3.9,-6,475,경상북도
 2012-02,-1,4.7,-6.3,129.9,경상북도
 2012-03,5.5,10.7,0.6,1118.3,경상북도
 2012-04,12.7,19.3,6.3,1490.2,경상북도
 2012-05,17.5,23.9,11.7,653.9,경상북도
 2012-06,21,26.1,16.6,992.8,경상북도
 2012-07,25.1,29.8,21.3,3275.3,경상북도
 2012-08,25.5,30,22.2,4174.2,경상북도
 2012-09,19.4,24.9,15.2,3348.9,경상북도
 2012-10,13.3,20.6,7.5,536.8,경상북도
 2012-11,6,11.7,0.9,666.4,경상북도
 2012-12,-2,2.8,-6.5,772.1,경상북도
 2013-01,-2.4,3.1,-7.4,501.8,경상북도
 2013-02,0.7,6.1,-4.3,499.6,경상북도
 2013-03,6.9,14.2,0,736.9,경상북도
 2013-04,10,16.4,3.8,1113.8,경상북도
 2013-05,17.6,24.4,11.2,1549.7,경상북도
 2013-06,21.8,27,17.6,1724.4,경상북도
 2013-07,26.1,30.8,22.4,2339.2,경상북도
 2013-08,26.8,32.4,22.4,1336.9,경상북도
 2013-09,20.2,25.9,15.8,1645.5,경상북도
 2013-10,14.6,21.1,9.5,1471.4,경상북도
 2013-11,6.3,12.1,1.3,595.6,경상북도
 2013-12,1.1,6.3,-3.6,367.3,경상북도
 2014-01,0.1,6.3,-5.6,245.6,경상북도
 2014-02,1.8,7.2,-3,493.4,경상북도
 2014-03,7.2,13.4,1.2,1180.8,경상북도
 2014-04,12.9,19.7,6.5,1370.6,경상북도
 2014-05,18.2,25.5,11.1,457.7,경상북도
 2014-06,21,26.1,16.8,1114,경상북도
 2014-07,24.8,30,20.7,1096.4,경상북도
 2014-08,22.8,27,19.8,5506,경상북도
 2014-09,19.8,25.6,15.2,1735.1,경상북도
 2014-10,13.7,20.3,8.3,1929.6,경상북도
 2014-11,8.1,14.1,3,768,경상북도
 2014-12,-1,4.1,-5.6,252.9,경상북도
 2015-01,0.2,5.4,-4.4,391.3,경상북도
 2015-02,1.8,7.3,-3.2,329.3,경상북도
 2015-03,6.7,13.6,0,576.7,경상북도
 2015-04,12.2,18.3,6.5,1153.2,경상북도
 2015-05,18.8,25.9,11.7,411.9,경상북도
 2015-06,21.1,27,16,1378.6,경상북도
 2015-07,23.8,28.4,20,1800.7,경상북도
 2015-08,24.7,30.3,20.5,1627.8,경상북도
 2015-09,19.4,25.3,14.5,789.7,경상북도
 2015-10,14.2,21.3,8.3,609.8,경상북도
 2015-11,9.6,13.8,5.9,1972.2,경상북도
 2015-12,3.1,8.1,-1.3,481.5,경상북도
 2016-01,-1.1,3.9,-5.8,361.2,경상북도
 2016-02,1.5,7.1,-3.6,511.9,경상북도
 2016-03,7,13.3,1.1,646.3,경상북도
 2016-04,13.4,19.9,7.4,2068.2,경상북도
 2016-05,18.3,25.4,11.4,756.6,경상북도
 2016-06,22.1,27.5,17.3,654.7,경상북도
 2016-07,24.8,29.6,21,3787.9,경상북도
 2016-08,25.9,31.8,21.4,1591.2,경상북도
 2016-09,20.7,25,17.4,3525.1,경상북도
 2016-10,15.1,20.1,11.4,1793.2,경상북도
 2016-11,7.4,13.2,2.4,495,경상북도
 2016-12,3,8.4,-1.9,891.7,경상북도
 2017-01,0,5.6,-5,253.2,경상북도
 2017-02,1.8,7.8,-3.9,583.3,경상북도
 2017-03,6.3,12.8,0.4,361.5,경상북도
 2017-04,13.9,20.7,7.4,1086.4,경상북도
 2017-05,19,25.9,12.2,317.9,경상북도
 2017-06,21.4,28.1,15.6,487.9,경상북도
 2017-07,25.9,30.7,22.3,3604.4,경상북도
 2017-08,24.7,29.4,21.1,2652.5,경상북도
 2017-09,19.8,25.9,14.7,1340.3,경상북도
 2017-10,14.8,20.5,10.4,1023.5,경상북도
 2017-11,6.6,13.2,0.7,122.8,경상북도
 2017-12,-0.6,5.1,-5.7,264.4,경상북도
 2018-01,-2,3.3,-6.6,294.5,경상북도
 2018-02,-0.2,6.1,-6.2,465.1,경상북도
 2018-03,8,14.4,1.9,1657.4,경상북도
 2018-04,13.5,20.2,7,1963.6,경상북도
 2018-05,17.6,23.4,12,1414.2,경상북도
 2018-06,22,27.7,16.9,1056.1,경상북도
 2018-07,26.5,31.6,22.2,2774.8,경상북도
 2018-08,26.5,31.7,22.3,3305.3,경상북도
 2018-09,19.7,24.6,15.6,1765.6,경상북도
 2018-10,12.7,19.1,7.5,2670.2,경상북도
 2018-11,7.6,14.4,2.3,516,경상북도
 2018-12,1,6.5,-3.8,549.7,경상북도
 2019-01,0.6,6.5,-4.7,157.7,경상북도
 2019-02,2.8,8.5,-2.3,432.4,경상북도
 2019-03,7.6,14.3,1.4,491.9,경상북도
 2019-04,11.8,18.2,5.5,1234.6,경상북도
 2019-05,18.8,26,11.4,507.2,경상북도
 2019-06,20.9,26.7,15.8,2159.6,경상북도
 2019-07,24.5,28.9,20.9,2078.5,경상북도
 2019-08,25.6,30.7,21.7,1909.8,경상북도
 2019-09,21.2,26,17.3,2699.6,경상북도
 2019-10,15.2,21.1,10.4,3309.9,경상북도
 2019-11,8.4,15,2.9,735.6,경상북도
 2019-12,2.5,8.3,-2.3,352.9,경상북도
 2020-01,2.8,7.6,-1.2,1265.8,경상북도
 2020-02,3.5,9.1,-1.6,979.8,경상북도
 2020-03,7.9,14.4,1.6,315,경상북도
 2020-04,11,17.7,4.4,528.7,경상북도
 2020-05,17.6,23.5,12.1,1110.1,경상북도
 2020-06,22.6,28.3,17.6,2042.9,경상북도
 2020-07,21.8,25.6,18.9,5754.8,경상북도
 2020-08,26.3,30.9,22.9,3833.2,경상북도
 2020-09,19.6,24.6,15.6,2457.9,경상북도
 2020-10,13.5,20,8.1,132.5,경상북도
 2020-11,8.4,14.3,3,546.7,경상북도
 2020-12,0.3,6.2,-4.7,135.9,경상북도
 2010-01,-3.9,-0.3,-7.4,61.6,인천광역시
 2010-02,0.4,3.9,-2.8,114.9,인천광역시
 2010-03,3.7,7.3,0.1,154.9,인천광역시
 2010-04,8.2,12.1,4.8,192.9,인천광역시
 2010-05,15,19.4,11.4,318.2,인천광역시
 2010-06,20.9,25.2,17.2,389.7,인천광역시
 2010-07,24.2,27.2,21.9,640.2,인천광역시
 2010-08,25.3,28.5,23,1110.8,인천광역시
 2010-09,21.4,25.1,18.6,1403.8,인천광역시
 2010-10,14,18.4,10.4,90.3,인천광역시
 2010-11,6.9,11.2,3,40.6,인천광역시
 2010-12,-0.3,3.8,-4.2,69.5,인천광역시
 2011-01,-6,-2.5,-9.6,25.8,인천광역시
 2011-02,0.2,4.4,-3.3,84.5,인천광역시
 2011-03,3.4,7.4,0.1,25.1,인천광역시
 2011-04,8.9,13.1,5.3,244.2,인천광역시
 2011-05,15.7,20.1,11.7,185.2,인천광역시
 2011-06,19,23.2,15.7,930.6,인천광역시
 2011-07,22.9,25.8,20.6,2110.5,인천광역시
 2011-08,23.9,27.2,21.6,669.6,인천광역시
 2011-09,20.3,24.2,17,123.8,인천광역시
 2011-10,13.7,17.9,10,67.3,인천광역시
 2011-11,10.2,13.6,7.1,286.1,인천광역시
 2011-12,-0.4,2.9,-3.6,24.4,인천광역시
 2012-01,-2.8,1,-6.4,23.1,인천광역시
 2012-02,-2.3,1.8,-6.1,5,인천광역시
 2012-03,3.7,7.5,0.4,64.5,인천광역시
 2012-04,10.1,14.7,6.2,313.6,인천광역시
 2012-05,17.1,21.9,12.9,26.5,인천광역시
 2012-06,21.6,26.5,17.7,262.8,인천광역시
 2012-07,23.6,26.6,21.1,877.7,인천광역시
 2012-08,25.5,28.8,22.5,1116.5,인천광역시
 2012-09,20.1,23.8,17.1,339.8,인천광역시
 2012-10,14.8,19.1,11,279.5,인천광역시
 2012-11,5.7,9.3,2.2,226.9,인천광역시
 2012-12,-3.8,-0.4,-7.2,129,인천광역시
 2013-01,-3.3,0,-6.8,62.3,인천광역시
 2013-02,-2.1,1.4,-5.6,144,인천광역시
 2013-03,3,7.5,-0.8,65,인천광역시
 2013-04,7.9,12,4.2,115.9,인천광역시
 2013-05,14.9,19.5,10.9,424.2,인천광역시
 2013-06,21.2,25.5,17.7,106.3,인천광역시
 2013-07,23.5,26,21.6,1406.3,인천광역시
 2013-08,26,29.2,23.3,391.7,인천광역시
 2013-09,20.6,24.5,17.4,366,인천광역시
 2013-10,14.9,19.3,11,18.3,인천광역시
 2013-11,6.3,10,2.8,158.7,인천광역시
 2013-12,0.1,3.5,-3,64.9,인천광역시
 2014-01,-0.7,3,-4.5,23.6,인천광역시
 2014-02,0.5,4.4,-2.6,50.1,인천광역시
 2014-03,6.1,10.2,2.3,16.4,인천광역시
 2014-04,11.4,16.3,7.4,105.6,인천광역시
 2014-05,15.7,20.5,11.8,212.2,인천광역시
 2014-06,21,24.9,18,108.5,인천광역시
 2014-07,24,28,21.1,513.1,인천광역시
 2014-08,23.8,27.4,21,246,인천광역시
 2014-09,20.8,24.9,17.3,209,인천광역시
 2014-10,15,19.4,11.1,128.8,인천광역시
 2014-11,8.7,12.4,5.2,110.5,인천광역시
 2014-12,-2,1.7,-5.4,61.6,인천광역시
 2015-01,-1.2,2.5,-4.4,48.2,인천광역시
 2015-02,0.6,4.3,-2.7,53.8,인천광역시
 2015-03,4.6,9.4,0.3,21.4,인천광역시
 2015-04,11.5,16,7.3,110.8,인천광역시
 2015-05,15.9,20.7,11.7,98.3,인천광역시
 2015-06,20.8,25.2,17,160.4,인천광역시
 2015-07,23.7,27.3,20.8,585.5,인천광역시
 2015-08,24.9,28.7,22,178.4,인천광역시
 2015-09,21.3,25.8,17.4,67.6,인천광역시
 2015-10,15.1,19.3,11.4,208.6,인천광역시
 2015-11,8.7,11.8,6,282.4,인천광역시
 2015-12,2.2,5.7,-1.1,86,인천광역시
 2016-01,-2.6,0.7,-5.9,8.7,인천광역시
 2016-02,0.4,4.1,-3.4,148.7,인천광역시
 2016-03,5.7,9.9,1.8,131.7,인천광역시
 2016-04,11.6,16.8,7.6,238.7,인천광역시
 2016-05,17.2,22,13.1,468.3,인천광역시
 2016-06,21.1,25.1,17.7,64.1,인천광역시
 2016-07,24.1,27.3,21.5,804.3,인천광역시
 2016-08,26.2,29.8,23.1,107.6,인천광역시
 2016-09,21.6,25.8,18.2,94.1,인천광역시
 2016-10,15.3,19.3,11.6,419.2,인천광역시
 2016-11,7.1,10.5,3.5,46.7,인천광역시
 2016-12,2,5.6,-1.4,167.1,인천광역시
 2017-01,-1.1,2.6,-4.6,45.8,인천광역시
 2017-02,-0.1,3.6,-3.7,41.4,인천광역시
 2017-03,5.2,9.7,1.4,30.2,인천광역시
 2017-04,11.5,16.2,7.7,142.5,인천광역시
 2017-05,16.8,21.7,12.6,58.4,인천광역시
 2017-06,20.8,25.1,17.2,102.7,인천광역시
 2017-07,25.1,28.2,22.8,867,인천광역시
 2017-08,24.6,27.8,22,631.8,인천광역시
 2017-09,20.9,25,17.3,52.9,인천광역시
 2017-10,15.1,19.3,11.3,51.3,인천광역시
 2017-11,5.8,9.8,2,64.3,인천광역시
 2017-12,-1.2,2.4,-4.9,85,인천광역시
 2018-01,-3.9,-0.6,-7.1,19.8,인천광역시
 2018-02,-2.1,1.8,-6,60.3,인천광역시
 2018-03,5.7,10.1,2,132.8,인천광역시
 2018-04,10.7,15.2,6.8,315.3,인천광역시
 2018-05,15.5,19.9,11.7,372.1,인천광역시
 2018-06,20,24.4,16.5,346,인천광역시
 2018-07,25,28.7,21.9,481.2,인천광역시
 2018-08,26.6,30.3,23.3,703.5,인천광역시
 2018-09,20.5,24.2,17,147.6,인천광역시
 2018-10,13.3,17.4,9.4,226.1,인천광역시
 2018-11,8.1,12.1,4.6,181.3,인천광역시
 2018-12,-0.2,3.5,-3.7,51.8,인천광역시
 2019-01,-0.5,3.4,-4.3,0.8,인천광역시
 2019-02,0.6,4.5,-3.1,65.7,인천광역시
 2019-03,5.6,10,2,72.6,인천광역시
 2019-04,10.4,15.1,6.2,93.1,인천광역시
 2019-05,16.6,21.6,11.9,105.1,인천광역시
 2019-06,19.9,24,16.6,141.6,인천광역시
 2019-07,23.9,27.4,20.9,657.4,인천광역시
 2019-08,25.6,29.3,22.3,318.5,인천광역시
 2019-09,21.4,25.2,18.3,732.8,인천광역시
 2019-10,15.9,20.2,12,67.1,인천광역시
 2019-11,8,12.3,4,253.1,인천광역시
 2019-12,2.2,5.8,-1.6,86.4,인천광역시
 2020-01,1.8,5.2,-1.1,152.9,인천광역시
 2020-02,2.2,5.9,-1.2,121.2,인천광역시
 2020-03,6.5,10.7,2.3,24.3,인천광역시
 2020-04,9.9,13.9,5.9,44.8,인천광역시
 2020-05,15.5,19.7,12.1,448.6,인천광역시
 2020-06,20.6,24.8,17.2,372,인천광역시
 2020-07,22.2,25.6,19.6,743.7,인천광역시
 2020-08,25,27.4,23.2,1268.7,인천광역시
 2020-09,20.6,24.1,17.6,616.2,인천광역시
 2020-10,14.4,18.3,10.2,27.8,인천광역시
 2020-11,8.2,12,4.6,164.1,인천광역시
 2020-12,0.5,4,-3,22.9,인천광역시
 2010-01,0.5,5.1,-3.3,37.1,광주광역시
 2010-02,4.4,9,0.6,135.8,광주광역시
 2010-03,7.4,11.8,3,76,광주광역시
 2010-04,11.2,17.1,6.2,133,광주광역시
 2010-05,18.6,24.6,13.7,99,광주광역시
 2010-06,23.7,29.3,19.5,70.6,광주광역시
 2010-07,26.3,30.5,23.5,453,광주광역시
 2010-08,28.1,32.2,25.1,337.6,광주광역시
 2010-09,23.6,28.4,20,139.7,광주광역시
 2010-10,15.7,21.3,11.1,42,광주광역시
 2010-11,8.4,14.1,3.2,7.4,광주광역시
 2010-12,2.5,7.4,-1.7,41.9,광주광역시
 2011-01,-3.4,0.7,-7.1,7.4,광주광역시
 2011-02,3.1,9.1,-1.5,59.8,광주광역시
 2011-03,5.3,11.4,0.5,23.1,광주광역시
 2011-04,12.2,18.8,6.5,103,광주광역시
 2011-05,19,24.8,14.1,142.9,광주광역시
 2011-06,23.3,28.7,19.3,120,광주광역시
 2011-07,26.5,30.6,23.5,277.5,광주광역시
 2011-08,25.9,30,23.1,382.5,광주광역시
 2011-09,22.7,28.2,18.4,13.5,광주광역시
 2011-10,15.4,21.7,10.4,20.5,광주광역시
 2011-11,12.6,17.7,8.6,136.8,광주광역시
 2011-12,2.2,6.7,-1.3,13.3,광주광역시
 2012-01,0.4,4.9,-3.2,15.2,광주광역시
 2012-02,0.4,5.3,-3.6,18.6,광주광역시
 2012-03,6.5,11.7,2.2,100.4,광주광역시
 2012-04,13.6,20,7.9,82.5,광주광역시
 2012-05,20,26.5,14.9,42.6,광주광역시
 2012-06,23.4,29.1,19.3,83.1,광주광역시
 2012-07,26.4,30.8,23.2,330.6,광주광역시
 2012-08,27.6,31.8,24.3,473.5,광주광역시
 2012-09,21.3,26.2,17.6,272,광주광역시
 2012-10,15.9,22.2,10.8,82.8,광주광역시
 2012-11,8.1,13,4.2,45.9,광주광역시
 2012-12,0.4,4.8,-3.3,79.6,광주광역시
 2013-01,0,4.7,-3.9,20.6,광주광역시
 2013-02,2,7,-2.4,48,광주광역시
 2013-03,7.6,15.3,1.4,76.9,광주광역시
 2013-04,11.4,17.9,5.6,54.9,광주광역시
 2013-05,19.1,25.7,13.7,86.5,광주광역시
 2013-06,23.9,29.1,20.1,83.7,광주광역시
 2013-07,27.1,31,24.5,349.1,광주광역시
 2013-08,28.4,33.4,24.7,293.2,광주광역시
 2013-09,22.6,27.8,18.4,88.5,광주광역시
 2013-10,16.8,22.7,12,30.8,광주광역시
 2013-11,8.6,13.3,4.4,95,광주광역시
 2013-12,2.9,7.4,-0.6,18.2,광주광역시
 2014-01,2.1,7.6,-2.7,12.9,광주광역시
 2014-02,4.2,9.7,-0.1,8.6,광주광역시
 2014-03,8.6,14.5,3.8,101.7,광주광역시
 2014-04,14.5,21.1,9.4,62.5,광주광역시
 2014-05,19.2,25.8,13.3,57,광주광역시
 2014-06,22.9,28.2,19.1,72,광주광역시
 2014-07,25.2,29.8,21.8,240.9,광주광역시
 2014-08,24.4,28.3,21.7,370.2,광주광역시
 2014-09,22.3,27.6,18.1,116.5,광주광역시
 2014-10,16.4,22.6,11.3,105,광주광역시
 2014-11,10.3,15.3,6.2,95.5,광주광역시
 2014-12,1.2,5.6,-2.4,47.5,광주광역시
 2015-01,1.7,6.2,-2.1,47.2,광주광역시
 2015-02,3,7.8,-0.9,23.9,광주광역시
 2015-03,8,14.7,2.3,36.5,광주광역시
 2015-04,13.9,20.5,8.9,145.5,광주광역시
 2015-05,19.4,26.1,13.6,48.6,광주광역시
 2015-06,22.5,27.7,18.7,96.1,광주광역시
 2015-07,25.4,29.7,22.2,164.3,광주광역시
 2015-08,26,30.5,22.7,148.9,광주광역시
 2015-09,22,27.3,17.4,66.6,광주광역시
 2015-10,16.9,22.7,12.1,90.9,광주광역시
 2015-11,11.6,15.4,8.5,121.9,광주광역시
 2015-12,5.3,9.4,1.8,59.2,광주광역시
 2016-01,0.9,4.9,-2.1,49.7,광주광역시
 2016-02,3.3,8.2,-1,45.2,광주광역시
 2016-03,8.4,14.7,3.4,55.2,광주광역시
 2016-04,15.5,21.9,10.5,185,광주광역시
 2016-05,19.8,26,14.3,104.5,광주광역시
 2016-06,23,27.6,19.5,116.1,광주광역시
 2016-07,26.9,31.1,23.7,301.3,광주광역시
 2016-08,27.8,33.1,23.8,81,광주광역시
 2016-09,23,27.6,19.6,251.2,광주광역시
 2016-10,17.2,21.5,13.6,216.7,광주광역시
 2016-11,9.6,14.6,5.3,31.5,광주광역시
 2016-12,4.7,9.4,0.7,44.9,광주광역시
 2017-01,2,6.7,-1.9,11.7,광주광역시
 2017-02,2.9,8.4,-1.7,41.9,광주광역시
 2017-03,7.4,13.8,2.4,33.2,광주광역시
 2017-04,15.1,21.9,9.5,60.6,광주광역시
 2017-05,19.8,26.4,14.1,30.2,광주광역시
 2017-06,23.1,29.4,18.5,42.1,광주광역시
 2017-07,27.8,32,24.8,211.6,광주광역시
 2017-08,27,31.6,23.4,280.5,광주광역시
 2017-09,22.4,27.6,18,108.8,광주광역시
 2017-10,17,22.1,12.8,85.4,광주광역시
 2017-11,8.8,14.6,4,2.1,광주광역시
 2017-12,1.9,6.6,-1.9,28.5,광주광역시
 2018-01,-0.2,4.5,-3.8,38.8,광주광역시
 2018-02,1.8,7.1,-2.8,22,광주광역시
 2018-03,10,16.5,4.7,115.8,광주광역시
 2018-04,15.1,21.5,9.7,127.4,광주광역시
 2018-05,19.5,25,14.8,85.4,광주광역시
 2018-06,23.6,29.5,19.2,222.4,광주광역시
 2018-07,28.3,33.5,24.5,84.5,광주광역시
 2018-08,28.4,33.7,24.9,397.1,광주광역시
 2018-09,21.6,26.3,18,129.7,광주광역시
 2018-10,14.5,19.9,10.1,125.2,광주광역시
 2018-11,9.9,15.5,5.3,47.2,광주광역시
 2018-12,3.2,7.8,-0.6,32.4,광주광역시
 2019-01,1.8,7,-2.1,16.4,광주광역시
 2019-02,3.6,9,-0.7,37,광주광역시
 2019-03,8.4,14.7,3.4,33.9,광주광역시
 2019-04,13,18.8,8.4,84.7,광주광역시
 2019-05,19.2,26.2,13.1,78.8,광주광역시
 2019-06,22,27.4,17.9,158,광주광역시
 2019-07,25.3,29.4,22.4,242.2,광주광역시
 2019-08,27,31.3,23.8,64.8,광주광역시
 2019-09,22.9,27.2,19.6,165.8,광주광역시
 2019-10,17.1,22.2,13,149.9,광주광역시
 2019-11,10.8,16.9,6,22.8,광주광역시
 2019-12,4.8,9.5,1,31.6,광주광역시
 2020-01,4.6,9,1.2,74.9,광주광역시
 2020-02,5.3,10.6,0.8,47.8,광주광역시
 2020-03,9,15.2,3.8,43.5,광주광역시
 2020-04,11.5,18,6.2,55.3,광주광역시
 2020-05,18.8,24.4,14.2,96.8,광주광역시
 2020-06,23.6,28.8,19.6,199.9,광주광역시
 2020-07,23.4,26.8,20.8,533.3,광주광역시
 2020-08,27.6,31.6,24.8,738.1,광주광역시
 2020-09,21.3,25.7,17.9,178.3,광주광역시
 2020-10,15.7,21.2,11.2,12.1,광주광역시
 2020-11,10.5,15.6,6.4,28.3,광주광역시
 2020-12,2.7,7.8,-1.1,18.7,광주광역시
 2010-01,1.2,5.7,-2.8,308.8,전라남도
 2010-02,4,8.3,0.3,1074.7,전라남도
 2010-03,6.8,10.8,2.5,1109.9,전라남도
 2010-04,10.2,15,5.5,1532.4,전라남도
 2010-05,16.8,22,12.2,1506.7,전라남도
 2010-06,21.7,26.3,18,1138.2,전라남도
 2010-07,25.1,28.5,22.5,2855.7,전라남도
 2010-08,27.1,30.7,24.4,3728.8,전라남도
 2010-09,23,27.5,19.6,1712.2,전라남도
 2010-10,15.8,21.1,11.1,496.1,전라남도
 2010-11,8.6,14.5,3.2,103.6,전라남도
 2010-12,3.3,8.3,-1.3,371.8,전라남도
 2011-01,-2,1.9,-5.8,49.1,전라남도
 2011-02,3.1,8.7,-1.5,658.5,전라남도
 2011-03,5.4,10.7,0.6,339.9,전라남도
 2011-04,11.4,17.1,5.7,1352.9,전라남도
 2011-05,17.3,22.3,13,1580.7,전라남도
 2011-06,21.7,26,18.3,2716.1,전라남도
 2011-07,25.6,29.1,22.8,4444.6,전라남도
 2011-08,25.2,28.5,22.8,4011.8,전라남도
 2011-09,22.1,27.2,18,370.8,전라남도
 2011-10,15.3,21.2,10.3,480.7,전라남도
 2011-11,12.7,17.1,8.8,1932,전라남도
 2011-12,3,7.2,-0.8,153.3,전라남도
 2012-01,1.1,5.5,-2.8,145.7,전라남도
 2012-02,0.8,5.2,-3.1,374.5,전라남도
 2012-03,6.4,11,2.2,1768.5,전라남도
 2012-04,12.5,17.9,7.2,2314.9,전라남도
 2012-05,18.4,24.1,13.7,521,전라남도
 2012-06,22,26.3,18.6,673.8,전라남도
 2012-07,25.4,29.1,22.6,3488,전라남도
 2012-08,26.9,30.5,24,6105.3,전라남도
 2012-09,21,25.6,17.3,3303.1,전라남도
 2012-10,15.9,21.7,10.7,701.3,전라남도
 2012-11,8.7,13.2,4.5,637.3,전라남도
 2012-12,1.6,5.8,-2.3,1008,전라남도
 2013-01,0.8,5.3,-3.3,249,전라남도
 2013-02,2.6,7.2,-1.8,843.4,전라남도
 2013-03,7.2,13.9,1.4,983.1,전라남도
 2013-04,10.8,16.5,5.3,889.1,전라남도
 2013-05,17.6,23.4,12.3,2455.7,전라남도
 2013-06,22.2,26.4,18.9,1158,전라남도
 2013-07,26.4,29.9,23.8,2485.2,전라남도
 2013-08,27.5,32.3,24,2675.4,전라남도
 2013-09,22.2,27.1,18.1,1179.4,전라남도
 2013-10,16.9,22.3,12.2,378.4,전라남도
 2013-11,9,14.2,4.5,1006,전라남도
 2013-12,3.7,8.2,-0.4,124,전라남도
 2014-01,2.3,7.9,-2.8,159.3,전라남도
 2014-02,4.1,9,-0.3,263,전라남도
 2014-03,8.2,13.3,3.2,1252,전라남도
 2014-04,13.5,19.3,8.4,970.4,전라남도
 2014-05,17.9,23.7,12.4,1490.4,전라남도
 2014-06,21.6,25.8,18.4,1258.6,전라남도
 2014-07,24.4,28,21.6,2752.7,전라남도
 2014-08,24.1,27.4,21.6,6465.9,전라남도
 2014-09,21.7,26.5,17.7,1743,전라남도
 2014-10,16.3,22,11.2,1312.4,전라남도
 2014-11,10.7,15.6,6.3,1101.6,전라남도
 2014-12,2.4,6.7,-1.6,501.4,전라남도
 2015-01,2.7,7.1,-1.3,448.9,전라남도
 2015-02,3.5,7.9,-0.7,469.4,전라남도
 2015-03,7.4,13.5,1.9,701.3,전라남도
 2015-04,12.9,18.2,8.3,2741.3,전라남도
 2015-05,18.1,23.9,12.8,1586.8,전라남도
 2015-06,21,25.2,17.7,1593.9,전라남도
 2015-07,24.2,28,21.3,2611.7,전라남도
 2015-08,25.2,29.6,21.7,1779.8,전라남도
 2015-09,21,26.2,16.7,1108.4,전라남도
 2015-10,16.2,22.2,11.3,947.2,전라남도
 2015-11,11.8,15.7,8.4,1285.8,전라남도
 2015-12,5.8,9.9,1.9,722.7,전라남도
 2016-01,1.5,5.4,-1.8,639.5,전라남도
 2016-02,3.4,8.2,-1,733.4,전라남도
 2016-03,7.7,13.3,2.5,1165.6,전라남도
 2016-04,13.8,19.3,8.9,3013.6,전라남도
 2016-05,18.2,23.7,12.9,1668.1,전라남도
 2016-06,21.8,25.6,18.7,1696.2,전라남도
 2016-07,25.6,29.3,22.7,2681.6,전라남도
 2016-08,27,32.1,23.1,516.8,전라남도
 2016-09,22.3,26.6,19,3167.4,전라남도
 2016-10,17.1,21.1,13.7,2363.4,전라남도
 2016-11,9.7,14.6,5.2,985.6,전라남도
 2016-12,5.1,10,0.8,909.8,전라남도
 2017-01,2.4,7.2,-1.8,159.2,전라남도
 2017-02,3,8.4,-1.9,444.1,전라남도
 2017-03,6.7,12.7,1.3,333,전라남도
 2017-04,13.8,19.9,8.1,735.2,전라남도
 2017-05,18.3,24.6,12.5,374.1,전라남도
 2017-06,21.4,26.6,17.1,1012.2,전라남도
 2017-07,26.5,30.3,23.6,2031.5,전라남도
 2017-08,26.4,30.8,22.8,2945.8,전라남도
 2017-09,21.5,26.4,17.3,1486.5,전라남도
 2017-10,16.4,21.3,12.3,1452.1,전라남도
 2017-11,8.6,14.5,3.1,23.7,전라남도
 2017-12,2.2,7.1,-2.4,331.5,전라남도
 2018-01,0.1,4.5,-3.7,488.5,전라남도
 2018-02,1.6,6.7,-3.3,434.6,전라남도
 2018-03,8.5,14.2,3.3,1979.9,전라남도
 2018-04,13.4,19,8,1860.8,전라남도
 2018-05,17.8,22.7,13.3,1350.3,전라남도
 2018-06,21.9,26.7,18,2876.6,전라남도
 2018-07,26.8,31.2,23.3,1242.6,전라남도
 2018-08,27.7,31.9,24.4,3192.8,전라남도
 2018-09,21.4,25.8,17.7,2429.4,전라남도
 2018-10,14.7,20.1,9.8,2412.5,전라남도
 2018-11,9.9,15.8,4.8,553,전라남도
 2018-12,3.8,8.1,-0.2,494.9,전라남도
 2019-01,2.4,7.2,-1.8,162.4,전라남도
 2019-02,3.8,8.8,-0.6,501.6,전라남도
 2019-03,8.1,13.9,2.8,682.9,전라남도
 2019-04,12.1,17.5,7,1119.6,전라남도
 2019-05,18,24.3,11.9,1734.1,전라남도
 2019-06,21,25.7,17.1,2885.4,전라남도
 2019-07,24.3,28,21.6,3252.5,전라남도
 2019-08,26.1,30.3,22.7,1548.4,전라남도
 2019-09,22.3,26.5,19,3571.1,전라남도
 2019-10,16.7,21.8,12.4,2636.1,전라남도
 2019-11,10.8,16.5,5.7,301.7,전라남도
 2019-12,4.8,9.7,0.4,443.5,전라남도
 2020-01,4.7,8.7,1.2,1046.9,전라남도
 2020-02,5.1,10.1,0.5,523.1,전라남도
 2020-03,8.3,14,2.8,525.4,전라남도
 2020-04,10.8,16.6,5.3,854.7,전라남도
 2020-05,17.3,22.1,13.1,2219.1,전라남도
 2020-06,22.1,26.7,18.3,4005.3,전라남도
 2020-07,22.7,25.9,20.4,5005.3,전라남도
 2020-08,27.2,30.9,24.4,3177.8,전라남도
 2020-09,21.3,25.6,17.7,2915.8,전라남도
 2020-10,15.5,21.1,10.9,296.3,전라남도
 2020-11,10.9,15.7,6.3,238.4,전라남도
 2020-12,3,8.3,-1.6,203.2,전라남도
 2010-01,-1.8,3.5,-6.8,322,전라북도
 2010-02,2.3,7.2,-2.1,943.9,전라북도
 2010-03,5.5,10.3,0.7,613.4,전라북도
 2010-04,9.3,15.4,3.6,818.2,전라북도
 2010-05,16.9,23.3,11,947.1,전라북도
 2010-06,22.4,28.5,17.5,327.1,전라북도
 2010-07,25.5,30,22.3,3242.3,전라북도
 2010-08,27,31.6,23.8,4975.2,전라북도
 2010-09,22.2,27.7,18.1,1353.8,전라북도
 2010-10,13.9,20.4,8.6,390.6,전라북도
 2010-11,6.6,13.4,0.5,150.1,전라북도
 2010-12,0.9,6.4,-4.1,441.8,전라북도
 2011-01,-5.7,-0.4,-11.2,82.2,전라북도
 2011-02,1.1,7.6,-4.2,628,전라북도
 2011-03,3.7,9.9,-1.8,194.1,전라북도
 2011-04,10.7,17.5,3.9,986.1,전라북도
 2011-05,17.8,23.7,12.2,1222.9,전라북도
 2011-06,22.4,28.1,17.8,1441.4,전라북도
 2011-07,25.8,29.9,22.7,4332.8,전라북도
 2011-08,25.3,29.6,22.2,4227.6,전라북도
 2011-09,21,26.9,16.4,642.7,전라북도
 2011-10,13.3,20.3,7.3,340.2,전라북도
 2011-11,11.2,16.7,6.6,1177.4,전라북도
 2011-12,0.5,5.2,-3.7,145.4,전라북도
 2012-01,-1.6,3.3,-6.1,204.8,전라북도
 2012-02,-1.2,4.3,-6.1,108.9,전라북도
 2012-03,5.1,10.2,0.1,824.1,전라북도
 2012-04,12.2,19,5.6,782.3,전라북도
 2012-05,18.4,25.4,12.6,348.2,전라북도
 2012-06,22.6,28.3,18,713.9,전라북도
 2012-07,25.7,30.2,22.1,3271.9,전라북도
 2012-08,26.7,31.3,23.1,4895.9,전라북도
 2012-09,20.1,25.3,15.9,2530.3,전라북도
 2012-10,14,21.1,7.9,565.7,전라북도
 2012-11,6.6,11.8,1.9,549.8,전라북도
 2012-12,-1.7,3.1,-6.3,680.3,전라북도
 2013-01,-2.2,3,-7.4,207.3,전라북도
 2013-02,0.5,5.6,-4.4,462,전라북도
 2013-03,5.8,13.5,-0.8,773.4,전라북도
 2013-04,9.7,16.2,3.2,804.5,전라북도
 2013-05,17.5,24.3,11.2,993.6,전라북도
 2013-06,22.8,28.2,18.6,700.1,전라북도
 2013-07,26.5,30.5,23.4,3889.1,전라북도
 2013-08,27.2,32.4,23.3,2508.6,전라북도
 2013-09,21.1,26.8,16.5,749.7,전라북도
 2013-10,15.1,21.8,9.5,388.8,전라북도
 2013-11,7.1,12.6,2.2,807,전라북도
 2013-12,1.4,6.3,-2.8,273,전라북도
 2014-01,0.2,6.3,-5.5,87.8,전라북도
 2014-02,2.7,8.5,-2.3,45.3,전라북도
 2014-03,7.2,13.3,1.5,954.4,전라북도
 2014-04,12.8,19.8,6.8,793.9,전라북도
 2014-05,17.8,24.8,11.3,473.3,전라북도
 2014-06,22,27.3,17.8,742.8,전라북도
 2014-07,24.7,29.4,21.2,2243.4,전라북도
 2014-08,23.6,27.8,20.8,3999.8,전라북도
 2014-09,20.8,26.8,16.1,1041.5,전라북도
 2014-10,14.8,21.8,8.8,1065.9,전라북도
 2014-11,8.5,14.3,3.6,801.4,전라북도
 2014-12,-0.4,4.3,-4.6,570.1,전라북도
 2015-01,0.2,5.2,-4.3,427.9,전라북도
 2015-02,1.8,6.8,-2.6,170.9,전라북도
 2015-03,6.1,13.2,-0.3,368.6,전라북도
 2015-04,12.8,19.3,7.1,1179.3,전라북도
 2015-05,17.9,24.9,11.4,414.8,전라북도
 2015-06,21.6,27,17.1,1122.8,전라북도
 2015-07,24.6,29.2,21.1,1531,전라북도
 2015-08,24.9,30.2,20.9,774.4,전라북도
 2015-09,20.3,26.7,15,436.6,전라북도
 2015-10,14.8,21.6,9.4,1097.5,전라북도
 2015-11,10.2,14.4,6.6,1134.8,전라북도
 2015-12,3.6,8.2,-0.5,671.1,전라북도
 2016-01,-1,3.4,-5,411.9,전라북도
 2016-02,1.6,6.8,-3.2,418.7,전라북도
 2016-03,6.6,13.3,0.6,536.6,전라북도
 2016-04,13.7,20.8,7.8,1802,전라북도
 2016-05,18.4,25.2,12.3,1013.2,전라북도
 2016-06,22.1,27.1,18,673,전라북도
 2016-07,25.9,30.6,22.3,2731.1,전라북도
 2016-08,26.6,32.2,22.2,692.9,전라북도
 2016-09,21.8,26.9,17.9,1884,전라북도
 2016-10,15.8,20.8,11.8,1613.8,전라북도
 2016-11,7.7,13.4,2.5,288,전라북도
 2016-12,2.8,8.3,-2.1,479.6,전라북도
 2017-01,-0.2,5.4,-5.2,167.7,전라북도
 2017-02,1.1,6.9,-4.3,469.9,전라북도
 2017-03,5.2,12.2,-0.9,266.7,전라북도
 2017-04,13,20.1,6.7,610.1,전라북도
 2017-05,17.9,25,11.3,477.6,전라북도
 2017-06,21.6,27.9,16.1,387.2,전라북도
 2017-07,26.7,31,23.6,2761.5,전라북도
 2017-08,25.5,30.4,21.6,2250.4,전라북도
 2017-09,20.3,26.4,15.3,1114.7,전라북도
 2017-10,14.9,20.9,10.1,532.6,전라북도
 2017-11,6.4,13,0.6,81.5,전라북도
 2017-12,-0.1,5,-4.7,373.1,전라북도
 2018-01,-2.3,2.6,-6.6,357.1,전라북도
 2018-02,-0.6,5.3,-6.1,300.2,전라북도
 2018-03,8,14.7,2.1,983.7,전라북도
 2018-04,13,19.6,6.8,1320.5,전라북도
 2018-05,17.9,23.8,12.4,1016.4,전라북도
 2018-06,22.1,28.2,17.4,1677.8,전라북도
 2018-07,26.9,32.2,22.7,1684.4,전라북도
 2018-08,27.4,32.8,23.2,3818.6,전라북도
 2018-09,20.5,25.9,16,1099.3,전라북도
 2018-10,12.6,19,7.3,1348.3,전라북도
 2018-11,7.7,14.5,2.3,420,전라북도
 2018-12,1.2,6.3,-3.4,326.5,전라북도
 2019-01,-0.4,5.4,-5.4,132.1,전라북도
 2019-02,1.7,7.5,-3.3,354,전라북도
 2019-03,6.7,13.5,0.6,310.4,전라북도
 2019-04,11.5,18,5.7,879.1,전라북도
 2019-05,17.6,25.1,10.6,601.3,전라북도
 2019-06,21,26.7,16.5,1121.8,전라북도
 2019-07,24.7,29.1,21.1,2413.3,전라북도
 2019-08,25.9,30.9,22,1498.9,전라북도
 2019-09,21.7,26.7,17.7,2141.2,전라북도
 2019-10,15.4,21.4,10.4,1206.1,전라북도
 2019-11,8.7,15.5,2.9,494.8,전라북도
 2019-12,2.9,8.1,-1.6,328.9,전라북도
 2020-01,2.6,7.4,-1.3,740,전라북도
 2020-02,3.3,9,-1.6,583.1,전라북도
 2020-03,7.3,13.8,1.2,356.1,전라북도
 2020-04,9.8,16.6,3.4,362.7,전라북도
 2020-05,17.6,23.4,12.6,892.5,전라북도
 2020-06,22.5,27.9,18.3,1727.7,전라북도
 2020-07,22.8,26.5,20.1,5204.8,전라북도
 2020-08,26.9,31.2,23.8,5505.1,전라북도
 2020-09,20.3,25.4,16.4,2018.2,전라북도
 2020-10,13.7,20.2,8.2,76.7,전라북도
 2020-11,8.6,14.3,3.6,572.5,전라북도
 2020-12,0.6,6.2,-3.9,183,전라북도
 2010-01,-2.7,2.5,-7.3,46.4,대전광역시
 2010-02,2.1,6.7,-2,81.5,대전광역시
 2010-03,5.3,9.7,1,100.1,대전광역시
 2010-04,10,15.8,4.4,88.5,대전광역시
 2010-05,17.8,23.5,12,117.6,대전광역시
 2010-06,23.4,28.6,18.4,65.6,대전광역시
 2010-07,25.7,29.8,22.7,223.1,대전광역시
 2010-08,27.1,30.8,24.4,376.4,대전광역시
 2010-09,21.9,26.6,18.4,250.5,대전광역시
 2010-10,14.2,20,9.4,17.9,대전광역시
 2010-11,6.9,13.1,1.3,16.4,대전광역시
 2010-12,0.1,5.3,-4.7,35.7,대전광역시
 2011-01,-5.7,-0.6,-10.4,4,대전광역시
 2011-02,1.8,7.6,-3.3,44.8,대전광역시
 2011-03,4.5,10.5,-0.7,19,대전광역시
 2011-04,11.6,17.7,5.9,71,대전광역시
 2011-05,18.1,23.6,13.1,162,대전광역시
 2011-06,22.7,27.8,18.2,391.6,대전광역시
 2011-07,25.7,29,23.2,587.3,대전광역시
 2011-08,25.8,29.3,23.1,420.3,대전광역시
 2011-09,21.2,25.9,17.2,91.7,대전광역시
 2011-10,13.5,19.5,8.6,37,대전광역시
 2011-11,11.2,16.1,7.1,103.2,대전광역시
 2011-12,0.4,4.9,-3.6,11.5,대전광역시
 2012-01,-1.5,3,-5.8,16.4,대전광역시
 2012-02,-1,4.5,-5.9,2.5,대전광역시
 2012-03,5.7,10.5,1.1,54.6,대전광역시
 2012-04,13.2,19.6,7.1,66.2,대전광역시
 2012-05,19.8,25.9,14.4,24,대전광역시
 2012-06,23.8,29,19.2,57.8,대전광역시
 2012-07,26.3,30.1,23,277.6,대전광역시
 2012-08,27.1,31,23.8,463.6,대전광역시
 2012-09,20.6,24.8,16.8,242.5,대전광역시
 2012-10,14.3,20.7,8.9,81.3,대전광역시
 2012-11,6,11.1,1.8,58.4,대전광역시
 2012-12,-3,1.5,-7.2,64.6,대전광역시
 2013-01,-2.6,2.5,-7.5,46.2,대전광역시
 2013-02,0,5.1,-4.6,54.2,대전광역시
 2013-03,6.6,13.7,0,52.8,대전광역시
 2013-04,10.6,16.5,4.4,86.8,대전광역시
 2013-05,18.8,24.8,13,110.4,대전광역시
 2013-06,23.9,28.8,19.8,162.6,대전광역시
 2013-07,26.8,30.1,24,218.7,대전광역시
 2013-08,27.8,32.1,24.2,126.6,대전광역시
 2013-09,21.4,26.1,17.6,146.4,대전광역시
 2013-10,15.5,21.7,10.4,19.6,대전광역시
 2013-11,6.7,12,2.3,63.1,대전광역시
 2013-12,1.3,5.9,-2.8,32.8,대전광역시
 2014-01,-0.1,5.9,-5.2,6.5,대전광역시
 2014-02,2.7,8.3,-1.9,8.5,대전광역시
 2014-03,8.3,13.9,3,67.2,대전광역시
 2014-04,14.3,21.1,8.2,59.4,대전광역시
 2014-05,19.4,25.9,13.3,49.7,대전광역시
 2014-06,22.9,27.7,18.9,143.7,대전광역시
 2014-07,25.9,30.2,22.5,177.2,대전광역시
 2014-08,24.2,27.8,21.4,240.9,대전광역시
 2014-09,21.6,26.9,17.1,118,대전광역시
 2014-10,14.9,21.2,9.5,169.4,대전광역시
 2014-11,8.5,13.9,4,40.7,대전광역시
 2014-12,-1.3,3.4,-5.5,36.5,대전광역시
 2015-01,0,5,-4.4,31.5,대전광역시
 2015-02,1.9,7.2,-2.4,27,대전광역시
 2015-03,7.2,14.3,0.6,44.7,대전광역시
 2015-04,13.3,19.3,7.8,95.2,대전광역시
 2015-05,19.5,26,13,28.9,대전광역시
 2015-06,23.4,28.9,18.5,119.8,대전광역시
 2015-07,25.4,29.5,22.1,145.6,대전광역시
 2015-08,26.4,31.2,22.6,51.6,대전광역시
 2015-09,21.7,27.7,16.5,18.5,대전광역시
 2015-10,15.5,22,10.1,94.1,대전광역시
 2015-11,10.1,13.8,6.9,126.1,대전광역시
 2015-12,3.1,7.9,-0.8,39.7,대전광역시
 2016-01,-1.3,3.6,-5.4,11.6,대전광역시
 2016-02,1.5,7,-3.3,45.8,대전광역시
 2016-03,7.5,14.1,1.6,40.3,대전광역시
 2016-04,14.8,21.5,8.9,154.9,대전광역시
 2016-05,19.8,26.4,13.5,85.1,대전광역시
 2016-06,23.7,28.7,19.2,62.5,대전광역시
 2016-07,26.6,30.7,23.1,367.9,대전광역시
 2016-08,27.9,33.2,23.5,57.4,대전광역시
 2016-09,22.4,26.6,19,196,대전광역시
 2016-10,15.7,20.6,12,122.6,대전광역시
 2016-11,7.2,12.8,2.4,29.5,대전광역시
 2016-12,2.5,7.6,-2,54.8,대전광역시
 2017-01,-0.4,5,-5.1,15,대전광역시
 2017-02,1.2,7.2,-4.2,42,대전광역시
 2017-03,6.8,13.4,0.9,11.6,대전광역시
 2017-04,14.5,21.1,8.5,77.7,대전광역시
 2017-05,19.6,26.3,13.5,29.3,대전광역시
 2017-06,23.3,29.4,17.8,35.3,대전광역시
 2017-07,27.1,30.7,24.2,434.5,대전광역시
 2017-08,26,30.1,22.6,293.8,대전광역시
 2017-09,21.1,26.3,16.5,111.4,대전광역시
 2017-10,15.4,20.8,10.9,28.3,대전광역시
 2017-11,6.4,12.3,1,15.1,대전광역시
 2017-12,-0.4,4.7,-4.9,33.5,대전광역시
 2018-01,-2.5,2.4,-6.6,23.9,대전광역시
 2018-02,-0.4,5.6,-5.7,40.5,대전광역시
 2018-03,8.7,14.9,3.1,108.4,대전광역시
 2018-04,13.9,20.3,7.8,155.3,대전광역시
 2018-05,19.2,24.7,14,95.9,대전광역시
 2018-06,23.6,29.1,18.8,115.8,대전광역시
 2018-07,27.9,32.4,24,226.9,대전광역시
 2018-08,29,33.7,25,408.6,대전광역시
 2018-09,21.2,25.7,17.3,149.4,대전광역시
 2018-10,13,18.9,8.2,133.9,대전광역시
 2018-11,8,14.1,3.2,49.8,대전광역시
 2018-12,0.6,5.8,-3.9,33.7,대전광역시
 2019-01,0,5.7,-4.8,1.7,대전광역시
 2019-02,2,7.8,-2.9,46.3,대전광역시
 2019-03,7.7,14,2.1,33.7,대전광역시
 2019-04,12.9,18.9,7.2,91.6,대전광역시
 2019-05,19.7,26.7,12.9,35.6,대전광역시
 2019-06,22.6,27.9,17.9,77.9,대전광역시
 2019-07,25.8,29.9,22.4,199,대전광역시
 2019-08,27.2,31.6,23.6,104.3,대전광역시
 2019-09,22.5,26.8,18.9,167,대전광역시
 2019-10,16.2,21.5,11.6,106.1,대전광역시
 2019-11,8.7,15.2,3.4,94,대전광역시
 2019-12,2.6,7.9,-1.8,27,대전광역시
 2020-01,2.7,7.8,-1.2,78.5,대전광역시
 2020-02,3.6,9.3,-1.2,91.2,대전광역시
 2020-03,8.5,15,2.3,24.4,대전광역시
 2020-04,11.5,18.7,5.2,17.8,대전광역시
 2020-05,18.8,24.4,13.9,80.4,대전광역시
 2020-06,24.1,29,20,192.5,대전광역시
 2020-07,23.6,27.2,20.7,544.9,대전광역시
 2020-08,27.5,31.5,24.6,361.6,대전광역시
 2020-09,21.2,25.9,17.4,173.6,대전광역시
 2020-10,14.2,20.6,8.9,3.2,대전광역시
 2020-11,8.6,14.4,3.8,41.8,대전광역시
 2020-12,0.5,6.1,-3.8,4.1,대전광역시
 2010-01,-4.3,1.2,-9.8,436.1,강원도
 2010-02,0.1,5.1,-4.5,822.3,강원도
 2010-03,3.1,7.3,-0.8,1283.4,강원도
 2010-04,8.6,14.1,3.2,610.3,강원도
 2010-05,16.1,21.9,10.4,1272.8,강원도
 2010-06,21.2,27.2,15.7,579.9,강원도
 2010-07,24.5,28.8,21.2,1717.3,강원도
 2010-08,25.4,29.6,22.3,3729.4,강원도
 2010-09,19.5,24.5,15.7,4823.5,강원도
 2010-10,12.7,18.6,8.2,528,강원도
 2010-11,5.5,11.5,0,232.8,강원도
 2010-12,-1.1,4.1,-5.9,259.9,강원도
 2011-01,-7.4,-1.5,-13.2,107.3,강원도
 2011-02,-0.1,5.9,-5.3,1044,강원도
 2011-03,3,8.5,-2.5,350.1,강원도
 2011-04,9.8,15.8,3.9,1751.5,강원도
 2011-05,15.8,21.4,10.6,1404.8,강원도
 2011-06,20.7,26.1,16,4972.9,강원도
 2011-07,23.2,26.9,20.4,7467,강원도
 2011-08,24.1,28.6,20.9,2404.9,강원도
 2011-09,18.8,24,14.6,2022.5,강원도
 2011-10,11.9,18.3,6.7,571.7,강원도
 2011-11,8.7,13.6,4.5,1166,강원도
 2011-12,-2,2.9,-6.4,536.1,강원도
 2012-01,-3.8,1.6,-8.6,250.9,강원도
 2012-02,-2.9,3.1,-8.6,107.5,강원도
 2012-03,3.8,8.6,-0.8,860.9,강원도
 2012-04,11.4,17.6,5.5,1551.3,강원도
 2012-05,16.7,22.7,11.2,543.1,강원도
 2012-06,20.6,25.9,16.4,938.6,강원도
 2012-07,24,28.5,20.5,3823.6,강원도
 2012-08,24.6,29.1,21.1,4218.2,강원도
 2012-09,18.4,23.5,14.3,2452.8,강원도
 2012-10,12.8,19.4,7.4,572.4,강원도
 2012-11,4.5,9.6,0,566.7,강원도
 2012-12,-4.2,0.8,-8.9,554.6,강원도
 2013-01,-4.7,0.8,-9.7,519.5,강원도
 2013-02,-1.5,3.9,-6.8,480.9,강원도
 2013-03,4.9,11.3,-1,703.6,강원도
 2013-04,8.8,14.6,3.3,813.3,강원도
 2013-05,16.9,23.1,11.3,1190.3,강원도
 2013-06,21.4,26.8,17.1,1068.1,강원도
 2013-07,25,28.8,22.1,6281.8,강원도
 2013-08,26.1,30.9,22.3,1493.7,강원도
 2013-09,19.2,24.2,15.3,1910.6,강원도
 2013-10,13.5,19.9,8.4,653.6,강원도
 2013-11,5.2,10.5,0.4,521.7,강원도
 2013-12,-0.8,4,-5.2,356.4,강원도
 2014-01,-1.3,3.9,-6.4,301.9,강원도
 2014-02,-0.1,5.2,-4.7,971.2,강원도
 2014-03,6.3,12.2,0.4,416.6,강원도
 2014-04,12.4,18.8,6.4,1177.8,강원도
 2014-05,17.9,24.6,11.5,465.2,강원도
 2014-06,20.6,25.7,16.7,855.2,강원도
 2014-07,24.5,29.7,20.3,1658.3,강원도
 2014-08,22.6,26.8,19.4,3381.4,강원도
 2014-09,19.4,25.1,15,1798.3,강원도
 2014-10,13.1,19.8,7.6,1380.3,강원도
 2014-11,7.2,12.7,2.3,569.7,강원도
 2014-12,-3,2.2,-8.1,116.8,강원도
 2015-01,-1.4,3.7,-6.3,211.5,강원도
 2015-02,0.3,5.6,-4.4,231.5,강원도
 2015-03,5.6,12.2,-0.9,235.3,강원도
 2015-04,11.3,17.3,5.5,1036.2,강원도
 2015-05,18.2,24.9,11.3,266.6,강원도
 2015-06,20.8,26.8,15.6,1389.8,강원도
 2015-07,23.2,27.7,19.6,2344.6,강원도
 2015-08,24.1,29.4,20.3,1940.5,강원도
 2015-09,18.8,24.7,14,556.1,강원도
 2015-10,13.4,19.8,7.9,549.1,강원도
 2015-11,7.9,11.7,4.6,2636.7,강원도
 2015-12,1.3,6,-2.7,223.4,강원도
 2016-01,-3.1,1.9,-7.9,90.3,강원도
 2016-02,-0.4,4.8,-5.3,607.3,강원도
 2016-03,5.8,11.6,0.2,436,강원도
 2016-04,12.9,19.4,6.8,1087.2,강원도
 2016-05,17.7,24.5,11.2,881.5,강원도
 2016-06,21.4,26.8,16.7,657.8,강원도
 2016-07,23.6,27.9,20.4,5679.1,강원도
 2016-08,24.9,30.1,20.9,1741.7,강원도
 2016-09,19.9,24.7,16.4,1097.2,강원도
 2016-10,14,19.4,9.8,1375.4,강원도
 2016-11,6.1,11.4,1.2,300.9,강원도
 2016-12,1.2,6.2,-3.4,957.6,강원도
 2017-01,-2,3.3,-7,369.6,강원도
 2017-02,-0.1,5.5,-5.7,159.4,강원도
 2017-03,4.8,10.9,-0.7,378.3,강원도
 2017-04,13.1,19.6,6.7,774.3,강원도
 2017-05,18.1,24.6,11.8,360.8,강원도
 2017-06,20.5,26.6,15,929.3,강원도
 2017-07,25.1,29.1,22,5579.2,강원도
 2017-08,23.3,27.5,20,4819.6,강원도
 2017-09,18.9,24.8,14,591.9,강원도
 2017-10,13.3,19.2,8.8,852.5,강원도
 2017-11,4.9,10.4,-0.5,410.3,강원도
 2017-12,-2.5,2.3,-7.3,199.8,강원도
 2018-01,-4.3,1,-9,79.5,강원도
 2018-02,-2.5,3.2,-8.1,476.2,강원도
 2018-03,6.9,12.6,1,840,강원도
 2018-04,12,18.4,5.8,1871.5,강원도
 2018-05,16.3,22.1,10.8,2451.1,강원도
 2018-06,21.4,27.2,16.4,1109.7,강원도
 2018-07,25.2,30,21.4,3041,강원도
 2018-08,25.5,30.5,21.6,5183.7,강원도
 2018-09,18.5,23.7,14.1,1788.9,강원도
 2018-10,11,17.1,6.1,2263.6,강원도
 2018-11,6.4,12.2,1.8,908.6,강원도
 2018-12,-1.4,4.2,-6.3,285.7,강원도
 2019-01,-1.8,4.4,-7.6,65.5,강원도
 2019-02,0.6,6.1,-4.6,321,강원도
 2019-03,5.9,11.9,0.1,583.2,강원도
 2019-04,10.5,16.8,4.3,857.9,강원도
 2019-05,18.3,25.2,11.1,208.1,강원도
 2019-06,20.2,26,15.3,1446.7,강원도
 2019-07,24,28.4,20.6,2823.9,강원도
 2019-08,24.8,29.7,20.9,2620.6,강원도
 2019-09,20,25.1,16.2,2718,강원도
 2019-10,14.1,19.7,9.4,2438.7,강원도
 2019-11,6.6,12.8,1.6,1102.6,강원도
 2019-12,1,5.9,-3.5,138,강원도
 2020-01,0.7,5.8,-3.3,1194.7,강원도
 2020-02,1.7,7.1,-3.2,758.9,강원도
 2020-03,6.5,12.9,0.2,391.7,강원도
 2020-04,9.6,16,3.2,502.7,강원도
 2020-05,16.7,22.5,11.7,1672.9,강원도
 2020-06,22.4,27.9,17.6,1704.9,강원도
 2020-07,21.8,26.1,18.3,3802.9,강원도
 2020-08,25.1,29,22.2,7113.5,강원도
 2020-09,18.7,23.5,14.9,4265,강원도
 2020-10,11.9,18.5,6.5,45.9,강원도
 2020-11,7,12.7,1.9,541.9,강원도
 2020-12,-1.5,4,-6.4,56.7,강원도
 2010-01,3,7.7,-1.1,37.6,부산광역시
 2010-02,5.8,10,2.4,91.1,부산광역시
 2010-03,7.8,11.5,4.5,132.9,부산광역시
 2010-04,11.5,16,7.8,146.3,부산광역시
 2010-05,17.2,21.3,13.9,186.8,부산광역시
 2010-06,22,25.5,19.4,94.4,부산광역시
 2010-07,25.2,28.3,23,291.9,부산광역시
 2010-08,27.9,30.9,25.6,165.3,부산광역시
 2010-09,24.1,27.9,21.4,182.5,부산광역시
 2010-10,18.2,22.5,15.1,72.6,부산광역시
 2010-11,11.3,16.4,7.2,2,부산광역시
 2010-12,5.2,9.9,1,38.5,부산광역시
 2011-01,-0.7,4.6,-4.8,0,부산광역시
 2011-02,6.1,10.9,2.7,70.9,부산광역시
 2011-03,7.4,12.6,3.1,31.2,부산광역시
 2011-04,13.1,17.3,9.3,100,부산광역시
 2011-05,17.3,20.8,14.4,170,부산광역시
 2011-06,21.3,24.8,19,243.2,부산광역시
 2011-07,25.1,28.4,22.5,418.1,부산광역시
 2011-08,25.8,28.9,23.8,110,부산광역시
 2011-09,23.3,27.1,20.5,56.8,부산광역시
 2011-10,17.6,22.3,13.9,142.5,부산광역시
 2011-11,14.1,18.3,10.9,128.7,부산광역시
 2011-12,4.4,9.1,0.7,7.2,부산광역시
 2012-01,2.8,7.4,-0.7,19.5,부산광역시
 2012-02,2.8,7.2,-0.9,22.1,부산광역시
 2012-03,8.3,12.3,4.9,173.9,부산광역시
 2012-04,14,18,10.3,213.8,부산광역시
 2012-05,18.9,23.1,15.9,36.1,부산광역시
 2012-06,21.6,24.9,19.1,97.8,부산광역시
 2012-07,25.5,28.5,23.3,502,부산광역시
 2012-08,27.5,30.7,25.1,169.4,부산광역시
 2012-09,22.2,26.1,19.1,356,부산광역시
 2012-10,17.8,22.7,14,146.5,부산광역시
 2012-11,10.1,14.7,6.5,83.5,부산광역시
 2012-12,2.9,7.1,-0.8,162.7,부산광역시
 2013-01,2.5,7.2,-1.4,22.5,부산광역시
 2013-02,4.7,9.3,0.4,46.6,부산광역시
 2013-03,10.2,14.7,5.8,93.7,부산광역시
 2013-04,12.6,17.1,8.3,136.2,부산광역시
 2013-05,18.2,22.4,14.7,201,부산광역시
 2013-06,21.9,25.3,19.6,159,부산광역시
 2013-07,26.1,29.1,23.9,131,부산광역시
 2013-08,28,32.1,25,144.5,부산광역시
 2013-09,23.7,27.6,20.7,30.2,부산광역시
 2013-10,18.9,23.5,15.5,91.2,부산광역시
 2013-11,10.9,15.9,7.1,61.6,부산광역시
 2013-12,5.4,9.8,1.7,12.6,부산광역시
 2014-01,5,9.7,1.2,9.6,부산광역시
 2014-02,5.8,9.9,2.7,44.1,부산광역시
 2014-03,9.8,14.5,6.2,136.7,부산광역시
 2014-04,14.6,19.3,11.2,147.8,부산광역시
 2014-05,18.7,23.2,15.4,145.9,부산광역시
 2014-06,21.4,24.9,19,44.5,부산광역시
 2014-07,24.8,28.1,22.4,169.3,부산광역시
 2014-08,24.2,27.1,22.2,642.2,부산광역시
 2014-09,22.7,26.5,19.9,128.7,부산광역시
 2014-10,17.9,22.1,14.6,162.5,부산광역시
 2014-11,12.7,17.4,9.2,40.5,부산광역시
 2014-12,3.5,8.2,-0.5,21.3,부산광역시
 2015-01,4.7,9.4,0.9,50.7,부산광역시
 2015-02,5.4,10.2,1.4,30.5,부산광역시
 2015-03,9.5,14.3,5.4,76.5,부산광역시
 2015-04,13.9,17.8,10.6,268,부산광역시
 2015-05,18.8,22.9,15.4,183,부산광역시
 2015-06,21,24.7,18.4,69.2,부산광역시
 2015-07,23.9,27,21.7,176.7,부산광역시
 2015-08,26.1,29.3,23.5,132.5,부산광역시
 2015-09,22.1,25.9,19.2,172,부산광역시
 2015-10,18.1,22.9,14.4,62,부산광역시
 2015-11,13.6,17.5,10.9,124.1,부산광역시
 2015-12,7.9,12.4,4.4,51.5,부산광역시
 2016-01,3.1,7.6,-0.3,59.5,부산광역시
 2016-02,5.5,10.4,1.3,63.7,부산광역시
 2016-03,9.9,14.4,6.3,133.5,부산광역시
 2016-04,15.1,19.2,11.9,198.5,부산광역시
 2016-05,19.3,23.7,15.7,108.8,부산광역시
 2016-06,21.9,25.3,19.5,115.2,부산광역시
 2016-07,25.3,28.5,23,188.8,부산광역시
 2016-08,27.7,31.8,24.6,141.5,부산광역시
 2016-09,22.9,26.3,20.7,407.9,부산광역시
 2016-10,18.7,22.3,16.1,182.4,부산광역시
 2016-11,11.8,16.4,8.3,56.6,부산광역시
 2016-12,7.3,12.1,3.2,103.8,부산광역시
 2017-01,4.1,9.1,0.1,12,부산광역시
 2017-02,5.5,10.8,0.9,33.8,부산광역시
 2017-03,9,13.9,5.2,35.7,부산광역시
 2017-04,15,19,11.4,105.1,부산광역시
 2017-05,19,23.7,15.4,39.2,부산광역시
 2017-06,21.3,25.2,18.4,49.8,부산광역시
 2017-07,26.1,29.2,23.6,172.1,부산광역시
 2017-08,27,30.5,24.3,82.5,부산광역시
 2017-09,22.6,26.5,19.6,335,부산광역시
 2017-10,18.1,22.3,15.1,138.3,부산광역시
 2017-11,11.2,16.3,6.9,0.3,부산광역시
 2017-12,3.6,8.6,-0.7,10.6,부산광역시
 2018-01,1.9,6.5,-1.9,40.9,부산광역시
 2018-02,3.9,8.9,-0.2,52.5,부산광역시
 2018-03,10,14.5,6,206.1,부산광역시
 2018-04,14.5,18.7,11.1,156.4,부산광역시
 2018-05,17.8,21.5,15,155.8,부산광역시
 2018-06,21.5,25.2,18.9,276.7,부산광역시
 2018-07,26.7,30.2,23.9,122.1,부산광역시
 2018-08,27.9,31.3,25.3,169.7,부산광역시
 2018-09,21.9,25.3,19.5,308.4,부산광역시
 2018-10,16.4,21.1,13,123.7,부산광역시
 2018-11,12.4,17.5,8.9,107.3,부산광역시
 2018-12,5.7,10.1,2,59,부산광역시
 2019-01,4.5,9.6,0.5,12.7,부산광역시
 2019-02,6.6,11.3,2.7,51.5,부산광역시
 2019-03,10.5,15.1,6.7,75.4,부산광역시
 2019-04,13.4,17.3,9.9,85,부산광역시
 2019-05,19.3,23.6,15.7,76.1,부산광역시
 2019-06,21.1,24.7,18.3,324.3,부산광역시
 2019-07,24.3,27.1,22.4,358.9,부산광역시
 2019-08,27,30.1,24.6,156.3,부산광역시
 2019-09,23.1,26.6,20.7,279,부산광역시
 2019-10,18.6,22.8,15.5,139.9,부산광역시
 2019-11,13,17.9,9.4,13.8,부산광역시
 2019-12,7,11.7,3.4,50.3,부산광역시
 2020-01,6.4,10.9,3.1,127.7,부산광역시
 2020-02,7.1,11.8,3.1,94.9,부산광역시
 2020-03,10.4,15,6.4,58.8,부산광역시
 2020-04,12.6,17.5,8.9,83.5,부산광역시
 2020-05,17.9,21.8,15,96.2,부산광역시
 2020-06,22.4,26.6,19.5,321.1,부산광역시
 2020-07,22.1,24.8,20.3,796.8,부산광역시
 2020-08,27.2,30.4,24.8,399.2,부산광역시
 2020-09,21.9,25.6,19.2,230.5,부산광역시
 2020-10,17.3,22.2,13.8,26.4,부산광역시
 2020-11,12.4,17.2,8.5,36.3,부산광역시
 2020-12,4.3,9.3,0.5,10.2,부산광역시
 2010-01,-2.7,2.6,-7.7,197,충청남도
 2010-02,1.7,6.5,-2.8,346.3,충청남도
 2010-03,5.1,9.5,0.3,407.6,충청남도
 2010-04,9.2,15.2,3.4,315,충청남도
 2010-05,16.6,22.6,10.9,630,충청남도
 2010-06,22.2,28,17.3,291.3,충청남도
 2010-07,25.4,29.6,22.1,1555.2,충청남도
 2010-08,26.7,30.9,23.7,2522.5,충청남도
 2010-09,21.8,26.9,17.9,1192.1,충청남도
 2010-10,13.7,20.2,8.3,105.7,충청남도
 2010-11,6.6,13.1,0.6,80.4,충청남도
 2010-12,0.2,5.8,-4.8,161.3,충청남도
 2011-01,-5.9,-0.5,-11.4,33.7,충청남도
 2011-02,0.8,7.1,-4.5,248.5,충청남도
 2011-03,3.6,9.4,-2.1,116.5,충청남도
 2011-04,10.2,16.7,3.8,504.4,충청남도
 2011-05,17.3,23,11.9,568.3,충청남도
 2011-06,21.6,27,17.1,1709,충청남도
 2011-07,25.1,28.8,22.3,3195.5,충청남도
 2011-08,25.1,29.2,22.2,1729.9,충청남도
 2011-09,20.5,26,16.2,456.3,충청남도
 2011-10,12.8,19.7,7,137.3,충청남도
 2011-11,10.8,16.2,6.3,355.6,충청남도
 2011-12,0,4.7,-4.5,51.4,충청남도
 2012-01,-2.3,2.6,-7,93.5,충청남도
 2012-02,-1.7,4,-7.1,18.2,충청남도
 2012-03,4.5,9.8,-0.5,275.3,충청남도
 2012-04,11.5,18.3,5,449.2,충청남도
 2012-05,18.2,24.8,12.3,87.1,충청남도
 2012-06,22.6,28.2,17.8,430,충청남도
 2012-07,25.3,29.7,21.8,1292.5,충청남도
 2012-08,26.4,30.8,22.9,2652.6,충청남도
 2012-09,19.8,24.9,15.7,1005,충청남도
 2012-10,13.5,20.7,7.7,361.9,충청남도
 2012-11,5.8,11,1.1,303.8,충청남도
 2012-12,-3.1,1.7,-7.6,309.5,충청남도
 2013-01,-3.2,2.3,-8.5,176.1,충청남도
 2013-02,-0.6,4.5,-5.5,243.2,충청남도
 2013-03,4.8,11.9,-1.5,269.1,충청남도
 2013-04,9.2,15.4,2.7,366.4,충청남도
 2013-05,17,23.5,11,593.5,충청남도
 2013-06,22.7,28.4,18.1,625.8,충청남도
 2013-07,26,29.5,23,1246.8,충청남도
 2013-08,26.8,31.7,23,787.8,충청남도
 2013-09,20.7,26.2,16.3,850.5,충청남도
 2013-10,14.8,21.5,9.2,78.9,충청남도
 2013-11,6.3,12,1.4,337.5,충청남도
 2013-12,0.7,5.8,-3.7,159.5,충청남도
 2014-01,-0.6,5.4,-6.3,21.6,충청남도
 2014-02,2,7.6,-2.9,70.6,충청남도
 2014-03,6.9,12.9,1.1,295.6,충청남도
 2014-04,12.7,19.8,6.5,400.5,충청남도
 2014-05,17.6,24.2,11.5,221.9,충청남도
 2014-06,22.1,27.4,17.8,392.4,충청남도
 2014-07,24.9,29.6,21.2,775.2,충청남도
 2014-08,23.7,27.8,20.6,1281,충청남도
 2014-09,20.6,26.9,15.6,651.4,충청남도
 2014-10,14.3,21.1,8.5,704.4,충청남도
 2014-11,8,13.8,3.2,219.1,충청남도
 2014-12,-1.4,3.2,-5.9,270.1,충청남도
 2015-01,-0.4,4.6,-4.9,136.3,충청남도
 2015-02,1.3,6.4,-3.4,127,충청남도
 2015-03,5.5,12.7,-1.3,163.8,충청남도
 2015-04,12.3,18.3,6.5,527.1,충청남도
 2015-05,17.6,24.4,11.1,189.9,충청남도
 2015-06,21.8,27.6,16.9,470.4,충청남도
 2015-07,24.4,28.7,21,672.2,충청남도
 2015-08,25.1,30.2,21.2,298,충청남도
 2015-09,20.5,26.9,15.1,98,충청남도
 2015-10,14.4,21.5,8.7,429.6,충청남도
 2015-11,9.6,13.6,6,848.4,충청남도
 2015-12,2.8,7.5,-1.4,317.3,충청남도
 2016-01,-1.7,2.8,-6,66.1,충청남도
 2016-02,0.9,6.1,-4.3,314.6,충청남도
 2016-03,6.2,12.8,0.2,153.3,충청남도
 2016-04,13.1,20.3,7,758.7,충청남도
 2016-05,18.2,25.1,11.8,718.8,충청남도
 2016-06,22.3,27.6,17.7,262.4,충청남도
 2016-07,25.6,30,22,1757.4,충청남도
 2016-08,26.5,32.1,22.1,287.4,충청남도
 2016-09,21.6,26.8,17.5,540.3,충청남도
 2016-10,15.2,20.6,10.8,631.9,충청남도
 2016-11,6.9,12.6,1.6,124.7,충청남도
 2016-12,2.1,7.5,-3,319.4,충청남도
 2017-01,-1.1,4.5,-6.4,92.9,충청남도
 2017-02,0.3,6.1,-5.3,207.9,충청남도
 2017-03,5.3,12.2,-1.3,74.1,충청남도
 2017-04,12.8,19.6,6.4,337.9,충청남도
 2017-05,17.7,24.7,11.2,199.1,충청남도
 2017-06,21.6,27.8,16,180.2,충청남도
 2017-07,26.1,29.9,23.3,2468,충청남도
 2017-08,25.1,29.6,21.5,1603.8,충청남도
 2017-09,20.1,26.1,15,426.6,충청남도
 2017-10,14.5,20.8,9.2,177.4,충청남도
 2017-11,5.7,11.8,-0.1,120.5,충청남도
 2017-12,-0.7,4.3,-5.4,192.3,충청남도
 2018-01,-3.2,1.8,-7.8,116.2,충청남도
 2018-02,-1.4,4.5,-7.3,210.4,충청남도
 2018-03,7.3,13.6,1.6,492,충청남도
 2018-04,12.3,18.7,6,832,충청남도
 2018-05,17.6,23.2,12.2,674.1,충청남도
 2018-06,21.9,27.8,17.1,621.8,충청남도
 2018-07,26.7,31.7,22.5,1266,충청남도
 2018-08,27.5,32.7,23.2,1577.8,충청남도
 2018-09,20.2,25.4,15.5,687.6,충청남도
 2018-10,12.1,18.8,6.5,883.4,충청남도
 2018-11,7,13.9,1.5,346.5,충청남도
 2018-12,0.1,5.4,-4.8,174.1,충청남도
 2019-01,-1.1,5.1,-6.8,10.8,충청남도
 2019-02,0.8,6.9,-4.5,175.8,충청남도
 2019-03,6.2,12.9,-0.2,193.4,충청남도
 2019-04,11.1,17.6,4.8,373,충청남도
 2019-05,17.5,24.9,10.3,176.7,충청남도
 2019-06,20.9,26.6,16.1,404.8,충청남도
 2019-07,24.7,29,21,1144.6,충청남도
 2019-08,25.8,31,21.6,701.7,충청남도
 2019-09,21.3,26.3,17.2,972.5,충청남도
 2019-10,15,21.1,9.7,488.7,충청남도
 2019-11,7.6,14.5,1.8,656.9,충청남도
 2019-12,2.1,7.3,-2.6,180.5,충청남도
 2020-01,1.9,7.1,-2.4,388.5,충청남도
 2020-02,2.6,8.4,-2.6,472.2,충청남도
 2020-03,6.9,13.5,0.5,133.9,충청남도
 2020-04,10,16.8,3.1,119.4,충청남도
 2020-05,17.4,23.2,12.2,560.4,충청남도
 2020-06,22.4,27.7,18.2,1019.7,충청남도
 2020-07,23,26.9,19.9,2505.9,충청남도
 2020-08,26.5,30.4,23.6,2400.8,충청남도
 2020-09,20.3,25.4,16.3,1229.3,충청남도
 2020-10,13.1,19.9,7.2,75.7,충청남도
 2020-11,7.9,13.7,2.6,278.7,충청남도
 2020-12,0,5.6,-4.7,42.3,충청남도
